start_date,end_date,trading_days,trade_count,long_trade_count,short_trade_count,net_profit,total_return,annualized_return,annualized_volatility,sharpe,sortino,max_drawdown,calmar,win_rate,profit_factor,average_trade_pnl,median_trade_pnl,total_transaction_cost,cost_to_gross_abs_pnl,daily_var_95,daily_expected_shortfall_95,expiry_cluster_count,bootstrap_net_profit_ci_95_lower,bootstrap_net_profit_ci_95_upper,bootstrap_probability_net_profit_positive,maximum_active_risk_capital,maximum_active_risk_capital_fraction,strategy,total_lots,total_hedge_contract_turnover,embedded_entry_crossing_cost,name,family,depth_multiplier,risk_budget_fraction,hedge_interval,delta_threshold,minimum_edge_strength,maximum_relative_spread,horizons,sizing_mode,original_variant,research_design_warning
2024-04-25,2026-07-27,546,21,0,21,242910.0,0.024291000000000063,0.011138810115220332,0.014130332758499474,0.7909953274581143,0.5398153963537917,-0.010868604490648415,1.0248611148565032,0.6666666666666666,2.7677752710865313,11567.142857142879,11430.000000000107,2360.0,0.004552908266615214,-0.0005518950849442428,-0.001985001548376053,16,-37500.499999999505,566003.2500000006,0.9527,1009604.0000000001,0.1009604,capacity_depth_1x,28,72.0,292570.0,capacity_depth_1x,capacity,1.0,0.075,1.0,1.0,0.015,,"(5, 20, 40)",flat,,
2024-04-25,2026-07-27,546,21,0,21,468930.00000000186,0.046893000000000296,0.02137606192291619,0.029934935683458515,0.7215949158168363,0.4366578316777204,-0.031056825907893826,0.68828868688358,0.6666666666666666,3.719380654140578,22330.00000000005,10300.000000000175,5870.0,0.007194685492964642,-0.0014949916182253886,-0.003997466951715398,16,105317.75000000064,927952.75,0.9984,2442618.0,0.2442618,capacity_depth_3x,67,186.0,833589.9999999999,capacity_depth_3x,capacity,3.0,0.075,1.0,1.0,0.015,,"(5, 20, 40)",flat,,
2024-04-25,2026-07-27,546,21,0,21,512990.00000000186,0.051299000000000206,0.02335779178604902,0.030549053870199044,0.7711521526437279,0.4687000952661991,-0.03093404920063325,0.7550835532249319,0.6666666666666666,3.9436506570264633,24428.095238095295,11310.000000000116,7090.0,0.008202221193891707,-0.001638681220397925,-0.004172315998026592,16,106061.25000000211,996429.5000000001,0.9974,2442618.0,0.2442618,capacity_depth_5x,79,226.0,856149.9999999999,capacity_depth_5x,capacity,5.0,0.075,1.0,1.0,0.015,,"(5, 20, 40)",flat,,
2024-04-25,2026-07-27,546,21,0,21,503280.00000000186,0.05032800000000015,0.02292144034997623,0.0306416076817068,0.7549956536490374,0.4594267338307845,-0.03096330275229353,0.7402776290807149,0.6190476190476191,3.8804945054945135,23965.714285714348,11310.000000000116,7180.0,0.00839785725981893,-0.0016402525438106164,-0.004206128256987586,16,100397.00000000192,986992.5000000013,0.997,2442618.0,0.2442618,capacity_depth_8x,81,228.0,859149.9999999999,capacity_depth_8x,capacity,8.0,0.075,1.0,1.0,0.015,,"(5, 20, 40)",flat,,
2024-04-25,2026-07-27,546,21,0,21,503280.00000000186,0.05032800000000015,0.02292144034997623,0.0306416076817068,0.7549956536490374,0.4594267338307845,-0.03096330275229353,0.7402776290807149,0.6190476190476191,3.8804945054945135,23965.714285714348,11310.000000000116,7180.0,0.00839785725981893,-0.0016402525438106164,-0.004206128256987586,16,100397.00000000192,986992.5000000013,0.997,2442618.0,0.2442618,capacity_depth_12x,81,228.0,859149.9999999999,capacity_depth_12x,capacity,12.0,0.075,1.0,1.0,0.015,,"(5, 20, 40)",flat,,
2024-04-25,2026-07-27,546,21,0,21,503280.00000000186,0.05032800000000015,0.02292144034997623,0.0306416076817068,0.7549956536490374,0.4594267338307845,-0.03096330275229353,0.7402776290807149,0.6190476190476191,3.8804945054945135,23965.714285714348,11310.000000000116,7180.0,0.00839785725981893,-0.0016402525438106164,-0.004206128256987586,16,100397.00000000192,986992.5000000013,0.997,2442618.0,0.2442618,capacity_unlimited,81,228.0,859149.9999999999,capacity_unlimited,capacity,,0.075,1.0,1.0,0.015,,"(5, 20, 40)",flat,,
2024-04-25,2026-07-27,546,21,0,21,656220.0000000019,0.06562200000000029,0.029769271640786688,0.03196936098663786,0.9336489071423089,0.6175740495151695,-0.03451733048566552,0.8624442047495352,0.6666666666666666,6.223849705460951,31248.57142857149,18610.000000000276,6140.0,0.006748735985930974,-0.0018177332890536857,-0.004165441937077475,16,201198.2500000021,1191710.0,0.9991,2442618.0,0.2442618,hedge_every_2d,79,188.0,856149.9999999999,hedge_every_2d,hedge_frequency,5.0,0.075,2.0,1.0,0.015,,"(5, 20, 40)",flat,,
2024-04-25,2026-07-27,546,21,0,21,423570.00000000186,0.0423570000000002,0.01933116334795626,0.037012272813645185,0.5357728776490562,0.366890510520366,-0.04352481751754056,0.44414116934932063,0.6190476190476191,2.09441128594683,20170.000000000065,12700.000000000238,5090.0,0.004245487605511622,-0.0018385413711093646,-0.005052751717318916,16,-191962.24999999895,1096862.5000000016,0.9025,2442618.0,0.2442618,hedge_every_3d,79,146.0,856149.9999999999,hedge_every_3d,hedge_frequency,5.0,0.075,3.0,1.0,0.015,,"(5, 20, 40)",flat,,
2024-04-25,2026-07-27,546,21,0,21,762570.0,0.07625700000000002,0.034499908341487195,0.036490597581436336,0.9478140062998484,0.6712147878407777,-0.03470248230149531,0.9941625513054614,0.7142857142857143,4.979179711959931,36312.857142857145,33799.99999999997,3490.0,0.0030393283868046135,-0.0024356475484856865,-0.005155871298015273,16,217426.75000000003,1341049.9999999988,0.998,2442618.0,0.2442618,hedge_every_5d,79,82.0,856149.9999999999,hedge_every_5d,hedge_frequency,5.0,0.075,5.0,1.0,0.015,,"(5, 20, 40)",flat,,
2024-04-25,2026-07-27,546,21,0,21,511960.0,0.05119600000000002,0.023311515571260655,0.04440135534829833,0.5412493927375769,0.35395860417036623,-0.06810040353860847,0.34231097555897083,0.5714285714285714,1.7339507411761341,24379.047619047644,20369.999999999985,1790.0,0.0009384748473012293,-0.002439853629009281,-0.0075348408649155785,16,-529116.7500000002,1509861.7499999998,0.841,2442618.0,0.2442618,hedge_hold_initial,79,14.0,856149.9999999999,hedge_hold_initial,hedge_frequency,5.0,0.075,999.0,1.0,0.015,,"(5, 20, 40)",flat,,
2024-04-25,2026-07-27,546,21,0,21,499710.00000000186,0.04997100000000021,0.022760955810694927,0.03459365221159979,0.6679205057536036,0.44209482487551555,-0.04224452166375803,0.5387907097601667,0.6666666666666666,3.993530222248867,23795.71428571436,12700.000000000238,5090.0,0.006096538507605699,-0.00225311097658909,-0.005024673660846615,16,76927.00000000207,1006821.000000001,0.9914,2442618.0,0.2442618,delta_band_2_contracts,79,146.0,856149.9999999999,delta_band_2_contracts,delta_band,5.0,0.075,1.0,2.0,0.015,,"(5, 20, 40)",flat,,
2024-04-25,2026-07-27,546,21,0,21,545530.0000000019,0.054553000000000296,0.024818505844637073,0.03164802458361214,0.7904410191695469,0.6265058224129625,-0.043704934374480975,0.5678650751876757,0.47619047619047616,3.011763838182702,25977.619047619115,-1089.9999999995453,4540.0,0.0041745207116914195,-0.002136386965524595,-0.005060208733402809,16,14065.750000002246,1111558.7500000012,0.9778,2442618.0,0.2442618,delta_band_3_contracts,79,124.0,856149.9999999999,delta_band_3_contracts,delta_band,5.0,0.075,1.0,3.0,0.015,,"(5, 20, 40)",flat,,
2024-04-25,2026-07-27,546,16,0,16,463720.00000000186,0.04637200000000008,0.021141429945402246,0.017364092562364493,1.2135579018440836,0.9390707615039525,-0.01491953866896878,1.4170297362729056,0.6875,7.258029689608668,28982.50000000006,10805.000000000146,4940.0,0.00804586468614612,-0.0014585639806792006,-0.0027025622372650487,14,67176.25000000185,969771.7499999998,0.9937,2442618.0,0.2442618,edge_min_0.030,57,156.0,525230.0,edge_min_0.030,signal_filter,5.0,0.075,1.0,1.0,0.03,,"(5, 20, 40)",flat,,
2024-04-25,2026-07-27,546,9,0,9,391530.0,0.03915299999999999,0.01788386174094536,0.01600395543382929,1.1156145862162916,0.6993914361881236,-0.01495836631804981,1.1955758644154506,0.7777777777777778,8.068604441234893,43503.33333333334,11310.000000000116,2910.0,0.005775184567754228,-0.00084122177771917,-0.002563517965907088,9,32324.49999999998,798880.0,0.9863,1275258.0,0.1275258,edge_min_0.050,32,94.0,188130.0,edge_min_0.050,signal_filter,5.0,0.075,1.0,1.0,0.05,,"(5, 20, 40)",flat,,
2024-04-25,2026-07-27,546,5,0,5,338850.0,0.03388499999999994,0.01549898305506514,0.014349601042882368,1.0790048767607876,0.5646782760487377,-0.015035396378836108,1.030833019931658,0.8,16.65850277264317,67769.99999999997,42679.99999999997,1600.0,0.004177436620453773,-2.109469370997763e-05,-0.0019243477644979143,5,20000.000000000116,657699.9999999995,0.9814,1275258.0000000002,0.12752580000000002,edge_min_0.070,16,52.0,145280.0,edge_min_0.070,signal_filter,5.0,0.075,1.0,1.0,0.07,,"(5, 20, 40)",flat,,
2024-04-25,2026-07-27,546,15,0,15,581290.0,0.0581290000000001,0.026420968687285606,0.014651012815105075,1.7873502653626978,1.2398299392596155,-0.008290780055657532,3.1867892417742096,0.7333333333333333,13.700240332095326,38752.66666666674,23550.000000000327,5250.0,0.007766501967513824,-0.0010643569282094423,-0.0024635035438474845,13,249393.7500000021,966537.9999999994,1.0,1275258.0,0.1275258,spread_max_0.25,58,166.0,129640.0,spread_max_0.25,liquidity_filter,5.0,0.075,1.0,1.0,0.015,0.25,"(5, 20, 40)",flat,,
2024-04-25,2026-07-27,546,18,0,18,571580.0000000019,0.057158000000000264,0.025986136823310968,0.015456274128977652,1.6675958739801977,1.2236251336096997,-0.010172133520386595,2.5546397686611724,0.7222222222222222,8.187877263581539,31754.44444444452,12525.000000000016,6080.0,0.008283604457887127,-0.0013513967801960236,-0.002636136262183988,16,203088.75000000227,987143.2500000002,0.9997,1275258.0,0.1275258,spread_max_0.50,70,192.0,184990.0,spread_max_0.50,liquidity_filter,5.0,0.075,1.0,1.0,0.015,0.5,"(5, 20, 40)",flat,,
2024-04-25,2026-07-27,546,19,0,19,549940.0000000019,0.05499400000000021,0.02501628300917247,0.01806369346301325,1.3769371761983655,1.0536256900868055,-0.01474450903401947,1.6966507973546834,0.6842105263157895,6.436338473705049,28944.210526315856,11310.000000000116,6440.0,0.008526864920689554,-0.0015064935841456462,-0.003018421789980289,16,176015.25000000105,968967.2500000009,0.9996,1813842.0,0.1813842,spread_max_1.00,73,204.0,262450.0,spread_max_1.00,liquidity_filter,5.0,0.075,1.0,1.0,0.015,1.0,"(5, 20, 40)",flat,,
2024-04-25,2026-07-27,546,19,0,19,270370.00000000186,0.0270370000000002,0.012389019367694543,0.029362650503754337,0.4340753803019259,0.2355639051349513,-0.031168903742817444,0.3974801125480541,0.631578947368421,2.5514431629081415,14230.000000000082,10300.000000000175,6100.0,0.009826189210522057,-0.001517979081898907,-0.004079362046573589,15,25830.000000002226,556131.5000000022,0.9856,1856424.0,0.1856424,horizons_5_20,72,192.0,822619.9999999999,horizons_5_20,horizon_allocation,5.0,0.075,1.0,1.0,0.015,,"(5, 20)",flat,,
2024-04-25,2026-07-27,546,11,0,11,469800.0,0.04698000000000002,0.021415236183984332,0.029332273457305713,0.7371189361410914,0.41240836338633874,-0.030836267349492186,0.6944821155319566,0.8181818181818182,5.9583113456464325,42709.09090909095,36160.0,4550.0,0.006869479882237478,-0.0014460428005344528,-0.0037822541731878773,10,20510.00000000061,938143.2499999999,0.9805,1803570.0000000002,0.18035700000000002,horizons_20_40,41,150.0,761750.0,horizons_20_40,horizon_allocation,5.0,0.075,1.0,1.0,0.015,,"(20, 40)",flat,,
2024-04-25,2026-07-27,546,10,0,10,43190.0,0.004318999999999962,0.001991071812293743,0.00739148275136206,0.2727973499120557,0.09763843867567103,-0.007970685517867615,0.24979931874497183,0.5,1.5431338028169121,4319.000000000067,2719.9999999999127,2540.0,0.012571145756000993,0.0,-4.975477366305378e-05,10,-112500.24999999886,222932.75000000116,0.6792,699872.0000000001,0.06998720000000001,horizon_5_only,38,76.0,94400.0,horizon_5_only,horizon_allocation,5.0,0.075,1.0,1.0,0.015,,"(5,)",flat,,
2024-04-25,2026-07-27,546,9,0,9,227180.0,0.022718000000000016,0.010421835614304653,0.028090708687036055,0.3831872591712735,0.18838259111400432,-0.031069633897735316,0.33543477366382185,0.7777777777777778,3.397678100263856,25242.22222222232,30620.00000000006,3560.0,0.008501695562879087,-0.0012115155715491932,-0.003651331137244644,9,-92083.50000000047,561580.0000000014,0.9153,1236174.0,0.1236174,horizon_20_only,34,116.0,728219.9999999999,horizon_20_only,horizon_allocation,5.0,0.075,1.0,1.0,0.015,,"(20,)",flat,,
2024-04-25,2026-07-27,546,2,0,2,242620.0,0.024262000000000006,0.011125597261415487,0.007401104889392184,1.498658599581419,0.7432750634279878,-0.003462172468938318,3.2134728587993115,1.0,,121309.9999999998,121309.9999999998,990.0,0.004063872583227296,0.0,-4.4295972163999146e-05,2,154880.00000000006,330359.9999999991,1.0,618816.0,0.0618816,horizon_40_only,7,34.0,33530.000000000015,horizon_40_only,horizon_allocation,5.0,0.075,1.0,1.0,0.015,,"(40,)",flat,,
2024-04-25,2026-07-27,546,21,0,21,225060.00000000186,0.022506000000000137,0.01032516047162102,0.019814966995508495,0.5283523494939613,0.3057252926888474,-0.02268903641592801,0.4550726739709677,0.6190476190476191,2.0510928451335753,10717.142857142906,6650.000000000011,4830.0,0.007372807620094328,-0.0012232654529077402,-0.003030566947657976,16,-173502.99999999924,635484.7500000021,0.8616,1628412.0,0.1628412,risk_budget_0.050,53,154.0,570880.0,risk_budget_0.050,risk_budget,12.0,0.05,1.0,1.0,0.015,,"(5, 20, 40)",flat,,
2024-04-25,2026-07-27,546,20,0,20,445830.00000000186,0.04458300000000026,0.020335275850261514,0.04061820912185558,0.5160854187103465,0.3079009056554088,-0.04719220173765626,0.4309033082055866,0.6,1.8976201981154917,22291.50000000008,13830.000000000073,10090.0,0.006999653139091224,-0.0026551868507585508,-0.006266834130837229,16,-344489.2499999991,1198213.7500000016,0.8663,2810054.0,0.2810054,risk_budget_0.100,111,326.0,808790.0,risk_budget_0.100,risk_budget,12.0,0.1,1.0,1.0,0.015,,"(5, 20, 40)",flat,,
2024-04-25,2026-07-27,546,20,0,20,445760.00000000186,0.04457600000000017,0.02033212007062346,0.05219761253158111,0.41191445448892944,0.2426405423648087,-0.06350554551455312,0.3201629071269704,0.55,1.7885091629519607,22288.000000000106,5375.000000000291,12490.0,0.00791182339340575,-0.0035974163852412477,-0.008062140731672154,16,-447270.74999999563,1350910.7500000007,0.8266,2988636.0000000005,0.29886360000000006,risk_budget_0.125,138,402.0,998810.0,risk_budget_0.125,risk_budget,12.0,0.125,1.0,1.0,0.015,,"(5, 20, 40)",flat,,
2024-04-25,2026-07-27,546,20,0,20,564260.0,0.05642600000000009,0.025658191415337983,0.06670564735777827,0.4136102930995362,0.23879901861629108,-0.08248328109070435,0.31107142048729186,0.6,1.8163365692047297,28213.00000000004,7839.999999999901,14960.0,0.007669513683109636,-0.0036455902240722926,-0.009774358900228545,16,-599619.9999999978,1688569.2499999986,0.8276,2954202.0000000005,0.2954202,risk_budget_0.150,163,484.0,1285650.0,risk_budget_0.150,risk_budget,12.0,0.15,1.0,1.0,0.015,,"(5, 20, 40)",flat,,
2024-04-25,2026-07-27,546,20,0,20,697390.0,0.069739,0.03160358883057457,0.030312245815525198,1.0416407543270725,0.8072368093410119,-0.030906839043085554,1.0225435472879552,0.7,5.8571528067976235,34869.500000000044,10150.000000000166,6890.0,0.006974813735017813,-0.002190815598921092,-0.0048101453527788695,16,59096.25000000103,1544964.9999999993,0.9869,2987834.0000000005,0.29878340000000003,sizing_edge_linear,74,222.0,460980.0,sizing_edge_linear,dynamic_sizing,5.0,0.075,1.0,1.0,0.015,,"(5, 20, 40)",edge_linear,,
2024-04-25,2026-07-27,546,21,0,21,628380.0000000019,0.06283800000000017,0.028526705096614258,0.027258515375679793,1.0455285633238072,0.8131756516064904,-0.028963459245772705,0.9849205115503531,0.7142857142857143,6.952259164535417,29922.857142857203,11310.000000000116,6690.0,0.007938674039705232,-0.0022027157631305805,-0.0042827932132712965,16,129627.75000000294,1247717.5000000002,0.9971,2806630.0,0.280663,sizing_edge_tiered,74,214.0,539680.0,sizing_edge_tiered,dynamic_sizing,5.0,0.075,1.0,1.0,0.015,,"(5, 20, 40)",edge_tiered,,
2024-04-25,2026-07-27,546,21,0,21,558090.0,0.055809,0.025381672440232927,0.030761087786765593,0.8302789236936018,0.5070625518908423,-0.030821140922680734,0.8235150186005932,0.7142857142857143,4.3390570778987705,26575.71428571433,11070.000000000087,6160.0,0.006875383670963774,-0.0016984299416039628,-0.004159298262520836,16,9962.750000001799,1232031.9999999995,0.977,2211984.0,0.2211984,sizing_horizon_weighted,61,200.0,812909.9999999999,sizing_horizon_weighted,dynamic_sizing,5.0,0.075,1.0,1.0,0.015,,"(5, 20, 40)",horizon_weighted,,
2024-04-25,2026-07-27,546,20,0,20,980550.0000000019,0.09805500000000023,0.04411799749667544,0.03007748643093283,1.4504886402289603,1.20397698327218,-0.017508406966931456,2.5198179126177584,0.65,9.099033616915873,49027.500000000044,16080.000000000084,7610.0,0.006207279074699425,-0.001804517394765004,-0.004511265799846033,16,185609.50000000183,2176130.2499999986,0.9981,2986230.0000000005,0.298623,sizing_edge_spread_weighted,81,246.0,431050.0,sizing_edge_spread_weighted,dynamic_sizing,5.0,0.075,1.0,1.0,0.015,,"(5, 20, 40)",edge_spread_weighted,,
2024-04-25,2026-07-27,546,14,0,14,338100.00000000186,0.03381000000000012,0.015464982586507414,0.018361082187370644,0.8450296790498664,0.47574190742587963,-0.017233670508431387,0.8973702136722028,0.5714285714285714,2.3674971687429256,24150.00000000009,9550.00000000015,3170.0,0.0038060248051963565,-0.0015009129674042054,-0.0030923392850381592,14,-210985.2499999997,970605.2500000006,0.8741,1275258.0,0.1275258,combined_depth5_hedge3_edge030_spread050,51,90.0,158000.0,combined_depth5_hedge3_edge030_spread050,combined,5.0,0.075,3.0,1.0,0.03,0.5,"(5, 20, 40)",flat,,
2024-04-25,2026-07-27,546,8,0,8,299760.0,0.029976000000000003,0.013725105894723866,0.017402166225938872,0.7920620820274746,0.3632193215526192,-0.02001160425595816,0.6858573515233002,0.5,2.479346592311113,37470.000000000095,28719.999999999975,1850.0,0.00262489535890123,-0.0004204401307768557,-0.0027678251534476173,8,-250804.49999999962,870523.2499999999,0.846,1275258.0,0.1275258,combined_depth5_hedge3_edge050_spread050,29,54.0,110669.99999999997,combined_depth5_hedge3_edge050_spread050,combined,5.0,0.075,3.0,1.0,0.05,0.5,"(5, 20, 40)",flat,,
2024-04-25,2026-07-27,546,15,0,15,597780.0000000019,0.05977800000000011,0.027158929569801593,0.033582200182235435,0.8147407877006315,0.5423154082860981,-0.04173598311065496,0.650731755803976,0.6,3.0860552763819142,39852.00000000012,6400.000000000058,4470.0,0.0038151325054410394,-0.0021611696976462647,-0.005303574362607949,14,-249170.49999999945,1707051.7500000002,0.8952,2971018.000000001,0.2971018000000001,combined_depth8_hedge3_edge030_spread100_linear,68,130.0,372730.00000000006,combined_depth8_hedge3_edge030_spread100_linear,combined,8.0,0.075,3.0,1.0,0.03,1.0,"(5, 20, 40)",edge_linear,,
2024-04-25,2026-07-27,546,14,0,14,698430.0,0.0698430000000001,0.031649876454229675,0.02681341553477807,1.1755251120718362,0.8590310529142382,-0.017095823465718585,1.8513221382810614,0.6428571428571429,4.176414407858842,49887.857142857174,31584.99999999996,2530.0,0.0022199992980239383,-0.0020633108632671093,-0.0040684849946890445,14,-16324.74999999889,1527490.4999999993,0.972,1895742.0000000002,0.18957420000000003,combined_depth12_hedge5_edge030_spread050_tiered,60,58.0,201010.0,combined_depth12_hedge5_edge030_spread050_tiered,combined,12.0,0.075,5.0,1.0,0.03,0.5,"(5, 20, 40)",edge_tiered,,
2024-04-25,2026-07-27,546,11,0,11,800140.0000000019,0.08001400000000025,0.03616506820718235,0.031914071374440724,1.1291804765464586,0.810975182149288,-0.04108527909709492,0.8802439462980192,0.8181818181818182,8.28658592113652,72740.00000000013,28860.000000000065,3220.0,0.0031504383218534707,-0.0016867090390139672,-0.004698464874096852,10,35985.250000001,1800360.0000000033,0.9819,2964170.000000001,0.2964170000000001,combined_20_40_depth8_hedge3_linear,43,96.0,569950.0,combined_20_40_depth8_hedge3_linear,combined,8.0,0.075,3.0,1.0,0.015,,"(20, 40)",edge_linear,,
2024-04-25,2026-07-27,546,14,0,14,563590.0,0.05635900000000005,0.025628168442856536,0.018307737848105465,1.391421691264369,1.0233843203775626,-0.010245138717563385,2.501495504294325,0.7142857142857143,11.743232939382471,40256.428571428645,10150.000000000166,4970.0,0.0074033247929452374,-0.0014894087334866857,-0.002992871752747297,14,110495.75000000224,1160557.2500000014,0.9972,1895742.0,0.1895742,proposed_balanced_depth5_daily_edge030_spread050_tiered,57,158.0,198040.0,proposed_balanced_depth5_daily_edge030_spread050_tiered,proposed_combined,5.0,0.075,1.0,1.0,0.03,0.5,"(5, 20, 40)",edge_tiered,,
2024-04-25,2026-07-27,546,18,0,18,1113580.0,0.11135800000000007,0.049937325888275375,0.033570052144617925,1.4685134114579534,1.0487567309612187,-0.029829101033700622,1.6741143433004126,0.6111111111111112,7.498103518702238,61865.55555555554,9319.999999999849,3400.0,0.0023319296031604517,-0.002223182652042577,-0.005060316456026325,16,156657.25000000017,2442540.7499999995,0.9949,2907022.0000000005,0.2907022,proposed_profit_depth5_hedge5_spread050_edge_spread,78,80.0,255210.0,proposed_profit_depth5_hedge5_spread050_edge_spread,proposed_combined,5.0,0.075,5.0,1.0,0.015,0.5,"(5, 20, 40)",edge_spread_weighted,,
2024-04-25,2026-07-27,546,8,0,8,1092950.0,0.10929499999999992,0.04903734410026761,0.029619977288644846,1.6311934280288591,0.9971762405955185,-0.03013602408023819,1.627200189703327,0.875,98.1511111111116,136618.74999999997,69900.00000000004,2440.0,0.0021836601365682533,-0.0015034446865428708,-0.004279467794596925,8,284889.7499999999,2215719.9999999995,0.9998,2907022.0000000005,0.2907022,proposed_profit_20_40_depth5_hedge5_spread050_edge_spread,39,68.0,150860.0,proposed_profit_20_40_depth5_hedge5_spread050_edge_spread,proposed_combined,5.0,0.075,5.0,1.0,0.015,0.5,"(20, 40)",edge_spread_weighted,,
2024-04-25,2026-07-27,546,21,0,21,4890.0,0.0004889999999999617,0.0002256626018808383,0.03440912821801762,0.02372439025680331,0.016717172975228994,-0.07206141921683884,0.003131531467647073,0.47619047619047616,1.0087657972573278,232.85714285715864,-2439.9999999999854,2500.0,0.0022307287344629743,-0.0021781449746377246,-0.005722438585069033,16,-733406.0000000002,728621.000000001,0.5099,2442618.0,0.2442618,causal_selector_sharpe,54,,,,causal_selector,,,,,,,,,,
2024-04-25,2026-07-27,546,18,0,18,266140.0,0.026613999999999916,0.012196551707505998,0.042143448359122114,0.30870911737129186,0.2107571213054955,-0.07206141921683884,0.16925217182866678,0.3888888888888889,1.4970398730040162,14785.555555555566,-7579.999999999985,2470.0,0.001847350510452115,-0.0025049575769953425,-0.0070295903088090595,16,-807772.7500000005,1734366.7499999995,0.6197,2907022.0000000005,0.2907022,causal_selector_net_profit,55,,,,causal_selector,,,,,,,,,,
2026-01-05,2026-07-27,135,9,0,9,79610.0,0.007961000000000107,0.01491178060782361,0.07702086975026448,0.23056405334646426,0.21027060528827726,-0.04996292822045412,0.29845689872354075,0.5555555555555556,1.2282265925118976,8845.555555555567,119.99999999994179,650.0,0.0008362279686092893,-0.006717786390976943,-0.012468472586507406,6,-600246.2499999992,859320.0000000001,0.56,2442618.0,0.2442618,fixed_2026_holdout_sharpe__hedge_hold_initial,28,6.0,739900.0,fixed_2026_holdout_sharpe__hedge_hold_initial,fixed_2026_holdout,5.0,0.075,999.0,1.0,0.015,,"(5, 20, 40)",flat,,
2026-01-05,2026-07-27,135,9,0,9,79610.0,0.007961000000000107,0.01491178060782361,0.07702086975026448,0.23056405334646426,0.21027060528827726,-0.04996292822045412,0.29845689872354075,0.5555555555555556,1.2282265925118976,8845.555555555567,119.99999999994179,650.0,0.0008362279686092893,-0.006717786390976943,-0.012468472586507406,6,-600246.2499999992,859320.0000000001,0.56,2442618.0,0.2442618,fixed_2026_holdout_net_profit__hedge_hold_initial,28,6.0,739900.0,fixed_2026_holdout_net_profit__hedge_hold_initial,fixed_2026_holdout,5.0,0.075,999.0,1.0,0.015,,"(5, 20, 40)",flat,,
2026-01-05,2026-07-27,135,9,0,9,169360.0,0.016936000000000062,0.03184570492049099,0.026333199339859326,1.203604087854589,1.2024710415032063,-0.011361999999999983,2.802825639895356,0.6666666666666666,3.312081911262795,18817.777777777796,12489.999999999996,1140.0,0.003604857070579301,-0.0020331021479141676,-0.0034510976090305384,6,-79939.99999999983,462360.00000000047,0.8903,1009604.0000000001,0.1009604,diagnostic_2026__capacity_depth_1x,12,36.0,259310.0,diagnostic_2026__capacity_depth_1x,diagnostic_2026_ex_post,1.0,0.075,1.0,1.0,0.015,,"(5, 20, 40)",flat,capacity_depth_1x,ex-post 2026 slice for regime diagnosis only; not a clean holdout
2026-01-05,2026-07-27,135,9,0,9,225050.0,0.022504999999999997,0.04241860816858045,0.058559369772831014,0.7386956003598131,0.5799779543870476,-0.03283550000000002,1.291852055506401,0.5555555555555556,3.064110795193977,25005.55555555552,23550.000000000327,2450.0,0.005528227808114083,-0.003941442861588406,-0.008382918764426792,6,-36679.99999999988,636929.9999999986,0.9102,2442618.0,0.2442618,diagnostic_2026__capacity_depth_5x,28,78.0,739900.0,diagnostic_2026__capacity_depth_5x,diagnostic_2026_ex_post,5.0,0.075,1.0,1.0,0.015,,"(5, 20, 40)",flat,capacity_depth_5x,ex-post 2026 slice for regime diagnosis only; not a clean holdout
2026-01-05,2026-07-27,135,9,0,9,225050.0,0.022504999999999997,0.04241860816858045,0.058559369772831014,0.7386956003598131,0.5799779543870476,-0.03283550000000002,1.291852055506401,0.5555555555555556,3.064110795193977,25005.55555555552,23550.000000000327,2450.0,0.005528227808114083,-0.003941442861588406,-0.008382918764426792,6,-36679.99999999988,636929.9999999986,0.9102,2442618.0,0.2442618,diagnostic_2026__capacity_depth_8x,28,78.0,739900.0,diagnostic_2026__capacity_depth_8x,diagnostic_2026_ex_post,8.0,0.075,1.0,1.0,0.015,,"(5, 20, 40)",flat,capacity_depth_8x,ex-post 2026 slice for regime diagnosis only; not a clean holdout
2026-01-05,2026-07-27,135,9,0,9,300360.0,0.03003599999999995,0.056795982268793344,0.06465047912706963,0.8867628577288242,0.7991093174038671,-0.035095499999999946,1.6183266307302484,0.7777777777777778,4.229677419354852,33373.33333333336,34689.99999999995,1250.0,0.002565102296279578,-0.0038496467230179077,-0.008919137675152495,6,-108199.99999999984,787500.0,0.9154,2442618.0,0.2442618,diagnostic_2026__hedge_every_5d,28,30.0,739900.0,diagnostic_2026__hedge_every_5d,diagnostic_2026_ex_post,5.0,0.075,5.0,1.0,0.015,,"(5, 20, 40)",flat,hedge_every_5d,ex-post 2026 slice for regime diagnosis only; not a clean holdout
2026-01-05,2026-07-27,135,8,0,8,298160.0,0.029816000000000065,0.056374685619285936,0.029580180194139834,1.8689178014524999,2.0140478450651456,-0.015163046371456712,3.7178997042050215,0.625,9.300668151447633,37269.99999999997,29855.000000000164,2060.0,0.00556065432165416,-0.0027891793551340304,-0.004505192437082758,6,16030.000000000186,686209.9999999986,0.9845,2442618.0,0.2442618,diagnostic_2026__edge_min_0.030,25,64.0,435969.9999999999,diagnostic_2026__edge_min_0.030,diagnostic_2026_ex_post,5.0,0.075,1.0,1.0,0.03,,"(5, 20, 40)",flat,edge_min_0.030,ex-post 2026 slice for regime diagnosis only; not a clean holdout
2026-01-05,2026-07-27,135,6,0,6,283640.0,0.028364000000000056,0.05359608393397974,0.020692708474399937,2.533603337288746,2.2593390077027005,-0.007139756901434646,7.5067099165813715,0.6666666666666666,20.862745098039206,47273.33333333332,33115.000000000146,1440.0,0.004604169331116512,-0.0020269929266520602,-0.003382754258718923,6,37670.00000000029,593619.9999999987,0.9935,1275258.0000000002,0.12752580000000002,diagnostic_2026__spread_max_0.25,19,44.0,68740.0,diagnostic_2026__spread_max_0.25,diagnostic_2026_ex_post,5.0,0.075,1.0,1.0,0.015,0.25,"(5, 20, 40)",flat,spread_max_0.25,ex-post 2026 slice for regime diagnosis only; not a clean holdout
2026-01-05,2026-07-27,135,6,0,6,283640.0,0.028364000000000056,0.05359608393397974,0.020692708474399937,2.533603337288746,2.2593390077027005,-0.007139756901434646,7.5067099165813715,0.6666666666666666,20.862745098039206,47273.33333333332,33115.000000000146,1440.0,0.004604169331116512,-0.0020269929266520602,-0.003382754258718923,6,37670.00000000029,593619.9999999987,0.9935,1275258.0000000002,0.12752580000000002,diagnostic_2026__spread_max_0.50,19,44.0,68740.0,diagnostic_2026__spread_max_0.50,diagnostic_2026_ex_post,5.0,0.075,1.0,1.0,0.015,0.5,"(5, 20, 40)",flat,spread_max_0.50,ex-post 2026 slice for regime diagnosis only; not a clean holdout
2026-01-05,2026-07-27,135,5,0,5,149270.0,0.014926999999999913,0.028043847109267217,0.0580384728286459,0.5055212261450172,0.3791795818936096,-0.03283550000000002,0.8540709631120952,0.6,2.575408970976243,29853.99999999986,36160.0,1680.0,0.004956483257117572,-0.003967717492805512,-0.008406856397955798,4,-189500.0000000004,582379.9999999986,0.7323,1803570.0000000002,0.18035700000000002,diagnostic_2026__horizons_20_40,15,56.0,707879.9999999999,diagnostic_2026__horizons_20_40,diagnostic_2026_ex_post,5.0,0.075,1.0,1.0,0.015,,"(20, 40)",flat,horizons_20_40,ex-post 2026 slice for regime diagnosis only; not a clean holdout
2026-01-05,2026-07-27,135,8,0,8,701310.0,0.07013099999999994,0.1348774433259512,0.0568089139954457,2.2559062395818485,2.6646338452861005,-0.01798487008003513,7.499495004730539,0.625,14.006491097922808,87663.74999999991,33405.00000000013,3120.0,0.0038493331523817773,-0.005677375503540694,-0.007772405919438444,6,-4439.999999999927,1762849.9999999977,0.9721,2986230.0000000005,0.298623,diagnostic_2026__sizing_edge_spread_weighted,34,100.0,317200.00000000006,diagnostic_2026__sizing_edge_spread_weighted,diagnostic_2026_ex_post,5.0,0.075,1.0,1.0,0.015,,"(5, 20, 40)",edge_spread_weighted,sizing_edge_spread_weighted,ex-post 2026 slice for regime diagnosis only; not a clean holdout
2026-01-05,2026-07-27,135,6,0,6,399190.0,0.03991900000000004,0.07580219113984898,0.029835180379140434,2.4641673107165096,2.3972381775117784,-0.009564668944628929,7.925228941919203,0.6666666666666666,28.954481792717065,66531.66666666663,45030.00000000019,1800.0,0.004199034222128912,-0.0030989562092344158,-0.004512854852420779,6,53560.0000000004,883669.9999999981,0.9942,1895742.0000000002,0.18957420000000003,diagnostic_2026__proposed_balanced_depth5_daily_edge030_spread050_tiered,22,56.0,89930.0,diagnostic_2026__proposed_balanced_depth5_daily_edge030_spread050_tiered,diagnostic_2026_ex_post,5.0,0.075,1.0,1.0,0.03,0.5,"(5, 20, 40)",edge_tiered,proposed_balanced_depth5_daily_edge030_spread050_tiered,ex-post 2026 slice for regime diagnosis only; not a clean holdout
2026-01-05,2026-07-27,135,6,0,6,618300.0,0.06183000000000005,0.1184999881982216,0.06005206113554556,1.8951293201818027,1.6606872005286812,-0.031263521591668786,3.790359568123634,0.5,7.139410187667587,103050.0,-5550.0,1260.0,0.001536323066793476,-0.004760149187153917,-0.00969797715517389,6,-190019.99999999924,1853219.9999999998,0.8535,2907022.0000000005,0.2907022,diagnostic_2026__proposed_profit_depth5_hedge5_spread050_edge_spread,31,28.0,141360.0,diagnostic_2026__proposed_profit_depth5_hedge5_spread050_edge_spread,diagnostic_2026_ex_post,5.0,0.075,5.0,1.0,0.015,0.5,"(5, 20, 40)",edge_spread_weighted,proposed_profit_depth5_hedge5_spread050_edge_spread,ex-post 2026 slice for regime diagnosis only; not a clean holdout
2026-01-05,2026-07-27,135,2,0,2,577200.0,0.057719999999999994,0.11043208998624432,0.056981951026155477,1.8670037349198818,1.4243286280560417,-0.03166445145736618,3.487573127073838,0.5,52.306666666666914,288599.9999999999,288599.9999999999,860.0,0.0014331900143319007,-0.004624194391344772,-0.009413256741482221,2,-22499.999999999884,1176899.9999999995,0.7554,2907022.0000000005,0.2907022,diagnostic_2026__proposed_profit_20_40_depth5_hedge5_spread050_edge_spread,14,24.0,96999.99999999999,diagnostic_2026__proposed_profit_20_40_depth5_hedge5_spread050_edge_spread,diagnostic_2026_ex_post,5.0,0.075,5.0,1.0,0.015,0.5,"(20, 40)",edge_spread_weighted,proposed_profit_20_40_depth5_hedge5_spread050_edge_spread,ex-post 2026 slice for regime diagnosis only; not a clean holdout
