role,horizon,model_name,feature,scaled_coefficient,raw_feature_effect
main,5,har__mse_log__macro+gvz+slv_iv+us_epu,log_rv_1d,0.11128521426280066,0.11292739182756278
main,5,har__mse_log__macro+gvz+slv_iv+us_epu,log_rv_5d,0.28886883518770096,0.3298922695537822
main,5,har__mse_log__macro+gvz+slv_iv+us_epu,log_rv_22d,0.23812796972914754,0.29070405145372924
main,5,har__mse_log__macro+gvz+slv_iv+us_epu,log_comex_nonoverlap_rv_1d,-0.04623298548803798,-0.0462220416092006
main,5,har__mse_log__macro+gvz+slv_iv+us_epu,abs_broad_dollar_ret_1d,-0.00046729809576320894,-0.20594102861427593
main,5,har__mse_log__macro+gvz+slv_iv+us_epu,abs_us10y_real_chg_1d,-0.0557677470018247,-0.014774020563308508
main,5,har__mse_log__macro+gvz+slv_iv+us_epu,abs_usdcny_ret_1d,-0.020360858776823913,-11.052181583306222
main,5,har__mse_log__macro+gvz+slv_iv+us_epu,log_gvz_implied_var_daily,-0.006160431938347153,-0.010217360124937023
main,5,har__mse_log__macro+gvz+slv_iv+us_epu,gvz_log_change_1d,0.050545767316712065,0.49206109439422824
main,5,har__mse_log__macro+gvz+slv_iv+us_epu,gvz_log_change_5d,0.08773729174991411,0.4132321454341025
main,5,har__mse_log__macro+gvz+slv_iv+us_epu,log_slv_implied_var_daily,0.1657590993110469,0.21760912366286472
main,5,har__mse_log__macro+gvz+slv_iv+us_epu,slv_iv_log_change_1d,-0.003739860263322441,-0.02996118011978944
main,5,har__mse_log__macro+gvz+slv_iv+us_epu,slv_iv_log_change_5d,0.02171831942259297,0.09307497052649075
main,5,har__mse_log__macro+gvz+slv_iv+us_epu,log_us_epu,0.03113412968994018,0.031146691058808344
main,5,har__mse_log__macro+gvz+slv_iv+us_epu,us_epu_log_change_5d,0.013534710011969799,0.014191100259169242
robust,5,har__qlike__macro+us_epu,log_rv_1d,0.18442274109221912,0.18714417079750217
robust,5,har__qlike__macro+us_epu,log_rv_5d,0.31273739177568816,0.3571504966265212
robust,5,har__qlike__macro+us_epu,log_rv_22d,0.24188262241816794,0.2952876908713976
robust,5,har__qlike__macro+us_epu,log_comex_nonoverlap_rv_1d,0.027490940643462098,0.027484433221967423
robust,5,har__qlike__macro+us_epu,abs_broad_dollar_ret_1d,0.0006595348355863504,0.29066089436072995
robust,5,har__qlike__macro+us_epu,abs_us10y_real_chg_1d,-0.035969109295163545,-0.009528955156701059
robust,5,har__qlike__macro+us_epu,abs_usdcny_ret_1d,-0.015349743635374375,-8.332072619081343
robust,5,har__qlike__macro+us_epu,log_us_epu,0.04839629941541686,0.04841582537534782
robust,5,har__qlike__macro+us_epu,us_epu_log_change_5d,0.02279352369600951,0.023898936862611415
main,20,har__mse_log__macro+gvz+slv_iv+us_epu,log_rv_1d,0.05836615729467279,0.059240182636600566
main,20,har__mse_log__macro+gvz+slv_iv+us_epu,log_rv_5d,0.18948920970380184,0.21605463613323536
main,20,har__mse_log__macro+gvz+slv_iv+us_epu,log_rv_22d,0.25895901055106474,0.3166098079910336
main,20,har__mse_log__macro+gvz+slv_iv+us_epu,log_comex_nonoverlap_rv_1d,-0.04044383468952949,-0.04026736796972862
main,20,har__mse_log__macro+gvz+slv_iv+us_epu,abs_broad_dollar_ret_1d,0.004938027912916912,2.170205915135583
main,20,har__mse_log__macro+gvz+slv_iv+us_epu,abs_us10y_real_chg_1d,-0.0760445700783325,-0.02004775949103035
main,20,har__mse_log__macro+gvz+slv_iv+us_epu,abs_usdcny_ret_1d,-0.01903394346123841,-10.308694636813161
main,20,har__mse_log__macro+gvz+slv_iv+us_epu,log_gvz_implied_var_daily,-0.1633452522495714,-0.2704999039945537
main,20,har__mse_log__macro+gvz+slv_iv+us_epu,gvz_log_change_1d,0.03317091728301007,0.3236293449470656
main,20,har__mse_log__macro+gvz+slv_iv+us_epu,gvz_log_change_5d,0.07272375561720461,0.3422114969463461
main,20,har__mse_log__macro+gvz+slv_iv+us_epu,log_slv_implied_var_daily,0.31619146144289106,0.413896543363621
main,20,har__mse_log__macro+gvz+slv_iv+us_epu,slv_iv_log_change_1d,-0.008204194697634474,-0.06552943464087674
main,20,har__mse_log__macro+gvz+slv_iv+us_epu,slv_iv_log_change_5d,0.02018360103664964,0.08622639811200265
main,20,har__mse_log__macro+gvz+slv_iv+us_epu,log_us_epu,0.09922277440812471,0.09937316629085531
main,20,har__mse_log__macro+gvz+slv_iv+us_epu,us_epu_log_change_5d,-0.03822537152143708,-0.0407307880978379
robust,20,har__qlike__macro+us_epu,log_rv_1d,0.11845789639077682,0.1202317874296245
robust,20,har__qlike__macro+us_epu,log_rv_5d,0.23599919222218055,0.26908508238016926
robust,20,har__qlike__macro+us_epu,log_rv_22d,0.2516873183537535,0.30771925397840694
robust,20,har__qlike__macro+us_epu,log_comex_nonoverlap_rv_1d,-0.0008682184631252724,-0.0008644302055222432
robust,20,har__qlike__macro+us_epu,abs_broad_dollar_ret_1d,0.013635113332060562,5.992473944786261
robust,20,har__qlike__macro+us_epu,abs_us10y_real_chg_1d,-0.07759064784194324,-0.02045535460436152
robust,20,har__qlike__macro+us_epu,abs_usdcny_ret_1d,-0.02062005541920455,-11.167725444998979
robust,20,har__qlike__macro+us_epu,log_us_epu,0.13414176347210402,0.1343450820396578
robust,20,har__qlike__macro+us_epu,us_epu_log_change_5d,-0.046309547841279636,-0.04934482792330844
main,40,har__mse_log__macro+gvz+slv_iv+us_epu,log_rv_1d,0.041660669129737274,0.04254203290401698
main,40,har__mse_log__macro+gvz+slv_iv+us_epu,log_rv_5d,0.11783051329372078,0.13520163372231672
main,40,har__mse_log__macro+gvz+slv_iv+us_epu,log_rv_22d,0.2555293742963644,0.3139366592015292
main,40,har__mse_log__macro+gvz+slv_iv+us_epu,log_comex_nonoverlap_rv_1d,-0.038655263707833364,-0.03848698706292704
main,40,har__mse_log__macro+gvz+slv_iv+us_epu,abs_broad_dollar_ret_1d,0.017329134280748126,7.567476391703594
main,40,har__mse_log__macro+gvz+slv_iv+us_epu,abs_us10y_real_chg_1d,-0.077752428355952,-0.020332703516919914
main,40,har__mse_log__macro+gvz+slv_iv+us_epu,abs_usdcny_ret_1d,-0.03757337433025991,-20.981231430949705
main,40,har__mse_log__macro+gvz+slv_iv+us_epu,log_gvz_implied_var_daily,-0.222516908332404,-0.36844587840841436
main,40,har__mse_log__macro+gvz+slv_iv+us_epu,gvz_log_change_1d,0.03260557024348934,0.32105303747583186
main,40,har__mse_log__macro+gvz+slv_iv+us_epu,gvz_log_change_5d,0.05932356957094557,0.2793825248236369
main,40,har__mse_log__macro+gvz+slv_iv+us_epu,log_slv_implied_var_daily,0.36518810424365644,0.4771544913561822
main,40,har__mse_log__macro+gvz+slv_iv+us_epu,slv_iv_log_change_1d,-0.012859803989018873,-0.10335275614319096
main,40,har__mse_log__macro+gvz+slv_iv+us_epu,slv_iv_log_change_5d,0.028064729472823804,0.11966982405929531
main,40,har__mse_log__macro+gvz+slv_iv+us_epu,log_us_epu,0.16172814276825218,0.16148837652282877
main,40,har__mse_log__macro+gvz+slv_iv+us_epu,us_epu_log_change_5d,-0.059356718078736354,-0.06346320064739674
robust,40,har__qlike__macro+us_epu,log_rv_1d,0.10916977843519717,0.11147934978795887
robust,40,har__qlike__macro+us_epu,log_rv_5d,0.1475727319910533,0.1693285881588301
robust,40,har__qlike__macro+us_epu,log_rv_22d,0.2501481527077933,0.30732543208687335
robust,40,har__qlike__macro+us_epu,log_comex_nonoverlap_rv_1d,-0.026275211244328103,-0.0261608282607888
robust,40,har__qlike__macro+us_epu,abs_broad_dollar_ret_1d,0.021983942196044114,9.600188957503892
robust,40,har__qlike__macro+us_epu,abs_us10y_real_chg_1d,-0.08668633263435414,-0.0226689704449404
robust,40,har__qlike__macro+us_epu,abs_usdcny_ret_1d,-0.03613458230572204,-20.177800038749144
robust,40,har__qlike__macro+us_epu,log_us_epu,0.21083508566980455,0.21052251708384728
robust,40,har__qlike__macro+us_epu,us_epu_log_change_5d,-0.07573663449693029,-0.08097633068360442
