horizon,model_name,sample_count,qlike,rmse_log_rv,mae_log_rv,oos_r2_vs_persistence,direction_accuracy
5,har__mse_log__macro+gvz+slv_iv+us_epu,861,0.13807437123495067,0.4586728295964643,0.3442362120422157,0.5101395277483015,0.7386759581881533
5,har__qlike__macro+us_epu,861,0.15323317019853078,0.5017672667097886,0.3897362205218503,0.41376597644604174,0.7096399535423926
5,persistence__raw__none,861,0.2976858361503915,0.6553402102950564,0.49404302551470203,0.0,0.0
20,har__mse_log__macro+gvz+slv_iv+us_epu,829,0.20060504902159132,0.5331522588884786,0.39128926774762096,0.5311634587877434,0.7635705669481303
20,har__qlike__macro+us_epu,829,0.20516661832989183,0.5582745435685547,0.4332828557526326,0.4859390713117503,0.7249698431845597
20,persistence__raw__none,829,0.4602913794518518,0.7786468426808961,0.5924561418509918,0.0,0.0
40,har__mse_log__macro+gvz+slv_iv+us_epu,786,0.24509297313526177,0.5900797739838798,0.44581341466513175,0.5540242616105985,0.7633587786259542
40,har__qlike__macro+us_epu,786,0.2501004790789286,0.6068211315959936,0.47161267459664286,0.528359416661683,0.7417302798982188
40,persistence__raw__none,786,0.6500270823181975,0.8835987891964869,0.6774756409276894,0.0,0.0
