horizon,model_name,scope_type,scope_value,sample_count,qlike,rmse_log_rv,mae_log_rv,oos_r2_vs_persistence,direction_accuracy,coverage_q05_q95,coverage_q10_q90,dm_stat_vs_har_squared_log_loss,dm_p_value_vs_har,dm_sample_count,dm_stat_vs_har_qlike,dm_p_value_vs_har_qlike,dm_qlike_sample_count,har_qlike,har_rmse_log_rv,har_mae_log_rv,qlike_improvement_vs_har,rmse_improvement_vs_har,mae_improvement_vs_har
5,full,all,all,634,0.001431146004900917,0.05321854528062299,0.043085013369229645,-0.029746492804570757,0.5646687697160884,0.87,0.7616666666666667,1.6313171984638777,0.10332079167666038,634,1.6379041149932911,0.10193865352795171,634,0.0013868158407950935,0.05240621375872201,0.042367988112869744,-4.4330164105823525e-05,-0.0008123315219009802,-0.0007170252563599017
5,har,all,all,634,0.0013868158407950935,0.05240621375872201,0.042367988112869744,0.0014498267756341,0.5615141955835962,,,,,634,,,634,0.0013868158407950935,0.05240621375872201,0.042367988112869744,0.0,0.0,0.0
5,har_jump,all,all,634,0.001408563678120737,0.05281330381050254,0.04278246097317444,-0.01412384864739713,0.5630914826498423,,,0.8977847011143659,0.3696416827521338,634,0.87978921656429,0.3793073805619677,634,0.0013868158407950935,0.05240621375872201,0.042367988112869744,-2.1747837325643412e-05,-0.0004070900517805301,-0.0004144728603046946
5,har_jump_macro,all,all,634,0.0014223424849795743,0.05305734392584309,0.042884791582564225,-0.02351764444397908,0.5694006309148265,,,1.3062700765957065,0.1919351732013708,634,1.3118353956530975,0.19005123319493075,634,0.0013868158407950935,0.05240621375872201,0.042367988112869744,-3.552664418448085e-05,-0.0006511301671210806,-0.0005168034696944809
5,harq,all,all,634,0.0013907261019990762,0.05247531403912566,0.042378476062262325,-0.0011851885058746792,0.555205047318612,,,0.8718067799002452,0.3836443352073478,634,0.9068482876381364,0.3648321048044847,634,0.0013868158407950935,0.05240621375872201,0.042367988112869744,-3.910261203982687e-06,-6.910028040365418e-05,-1.0487949392581908e-05
5,persistence,all,all,634,0.00137861829035963,0.05244424508380555,0.04200995191801307,0.0,0.4526813880126183,,,0.02879655294094929,0.9770359264368478,634,-0.1174365727772533,0.9065513554463768,634,0.0013868158407950935,0.05240621375872201,0.042367988112869744,8.19755043546342e-06,-3.803132508354429e-05,0.00035803619485667154
5,qlike_har,all,all,634,0.0014708620772084535,0.053929664100391676,0.04351683040616424,-0.05744978696702119,0.580441640378549,,,1.9469650089706483,0.05198084521321512,634,1.975501040141765,0.04864525271155549,634,0.0013868158407950935,0.05240621375872201,0.042367988112869744,-8.404623641335997e-05,-0.0015234503416696674,-0.001148842293294497
5,qlike_har_jump_macro,all,all,634,0.0015131853634411665,0.054705559007438335,0.04409309852471431,-0.08809607543817899,0.5772870662460567,,,2.280801235729975,0.022891664646149862,634,2.2955929193756415,0.02202521990849077,634,0.0013868158407950935,0.05240621375872201,0.042367988112869744,-0.000126369522646073,-0.0022993452487163266,-0.0017251104118445673
5,qlike_harq,all,all,634,0.0014738186584352041,0.053992090706015794,0.04347618482445305,-0.05989931854828767,0.582018927444795,,,2.0081789868187863,0.045048617759995184,634,2.0302987287081513,0.04274377802724562,634,0.0013868158407950935,0.05240621375872201,0.042367988112869744,-8.700281764011065e-05,-0.001585876947293785,-0.001108196711583305
5,qlike_harq_jump_macro,all,all,634,0.0015149616318286504,0.0547485267229448,0.04403573737656309,-0.0898060063558932,0.5899053627760252,,,2.316592516041483,0.020844306734601546,634,2.3288631061335034,0.02018019092786646,634,0.0013868158407950935,0.05240621375872201,0.042367988112869744,-0.00012814579103355688,-0.002342312964222791,-0.001667749263693348
5,full,event_window,event,74,0.0011804850816664182,0.048399562012152286,0.03958985243879758,-0.06315074379616492,0.5675675675675675,0.9130434782608695,0.8260869565217391,1.8426982183316847,0.06943337864401398,74,1.7929195270492917,0.07712824464937161,74,0.001054361309295989,0.04570401578714134,0.037913548367952174,-0.00012612377237042924,-0.0026955462250109474,-0.0016763040708454094
5,har,event_window,event,74,0.001054361309295989,0.04570401578714134,0.037913548367952174,0.051972999809446474,0.581081081081081,,,,,74,,,74,0.001054361309295989,0.04570401578714134,0.037913548367952174,0.0,0.0,0.0
5,har_jump,event_window,event,74,0.0011806174083135986,0.04826969829937076,0.039865687388050706,-0.05745319314324493,0.581081081081081,,,1.7763198884604314,0.07984696968297775,74,1.7634097888660671,0.08201596011324079,74,0.001054361309295989,0.04570401578714134,0.037913548367952174,-0.0001262560990176096,-0.0025656825122294183,-0.0019521390200985325
5,har_jump_macro,event_window,event,74,0.001148382049653624,0.04761733841157966,0.03857715115041469,-0.029063602456603554,0.581081081081081,,,1.1836629409055106,0.24038665608693788,74,1.1827369408896697,0.24075125821044557,74,0.001054361309295989,0.04570401578714134,0.037913548367952174,-9.4020740357635e-05,-0.0019133226244383225,-0.0006636027824625176
5,harq,event_window,event,74,0.0010475915019382605,0.045563858158582285,0.03791791086736979,0.05777859377782524,0.5540540540540541,,,-1.0088197999003718,0.316393292388876,74,-1.0341990433886,0.30445711188340924,74,0.001054361309295989,0.04570401578714134,0.037913548367952174,6.769807357728417e-06,0.0001401576285590539,-4.362499417619181e-06
5,persistence,event_window,event,74,0.001101150504745361,0.04694009971851145,0.039339878939835926,0.0,0.5405405405405406,,,0.48055876392636726,0.6322671935913774,74,0.39863814294797184,0.6913234970499718,74,0.001054361309295989,0.04570401578714134,0.037913548367952174,-4.678919544937195e-05,-0.001236083931370112,-0.0014263305718837521
5,qlike_har,event_window,event,74,0.0011025665362287792,0.046683694297653976,0.03853000277700001,0.010894954565355941,0.581081081081081,,,0.7228894798811866,0.4720575491445272,74,0.7569924506751514,0.45149078212895555,74,0.001054361309295989,0.04570401578714134,0.037913548367952174,-4.820522693279022e-05,-0.0009796785105126368,-0.0006164544090478327
5,qlike_har_jump_macro,event_window,event,74,0.001223022878058782,0.04908512696187469,0.039328296116370356,-0.09348246114970071,0.581081081081081,,,1.6700646308659257,0.09918939326814852,74,1.6792676978863885,0.09737547403264374,74,0.001054361309295989,0.04570401578714134,0.037913548367952174,-0.000168661568762793,-0.003381111174733352,-0.0014147477484181825
5,qlike_harq,event_window,event,74,0.00108815354768438,0.04639735035762358,0.038414025451622244,0.022991496337193773,0.581081081081081,,,0.5756961826510121,0.5665910678682731,74,0.6034279100206799,0.5480944806811555,74,0.001054361309295989,0.04570401578714134,0.037913548367952174,-3.3792238388390995e-05,-0.0006933345704822416,-0.00050047708367007
5,qlike_harq_jump_macro,event_window,event,74,0.0012153281837682594,0.04894770243631961,0.03947337371807431,-0.08736814673096283,0.581081081081081,,,1.622035368503966,0.10910718145770097,74,1.6241054440875853,0.10866380010170272,74,0.001054361309295989,0.04570401578714134,0.037913548367952174,-0.00016096687447227044,-0.0032436866491782693,-0.0015598253501221335
5,full,event_window,no_event,560,0.0014642690554711902,0.053823074837054605,0.043546873920751024,-0.02630084310657188,0.5642857142857143,0.864406779661017,0.7532956685499058,1.180348995988066,0.23836345556458322,560,1.2097315765723977,0.2268932467892117,560,0.0014307473324574752,0.05322877350445316,0.042956610507733854,-3.3521723013714986e-05,-0.0005943013326014449,-0.0005902634130171697
5,har,event_window,no_event,560,0.0014307473324574752,0.05322877350445316,0.042956610507733854,-0.003761640350202322,0.5589285714285714,,,,,560,,,560,0.0014307473324574752,0.05322877350445316,0.042956610507733854,0.0,0.0,0.0
5,har_jump,event_window,no_event,560,0.0014386851494881086,0.053384789974996155,0.0431678917683515,-0.009654425195448901,0.5607142857142857,,,0.3384352355736142,0.7351623000348785,560,0.31292012932818897,0.7544580530116393,560,0.0014307473324574752,0.05322877350445316,0.042956610507733854,-7.937817030633431e-06,-0.00015601647054299533,-0.00021128126061764618
5,har_jump_macro,event_window,no_event,560,0.0014585443996476463,0.0537350214694942,0.04345401549681256,-0.02294557867438196,0.5678571428571428,,,1.019367291065812,0.30846959242928024,560,1.0203894566972964,0.3079851890169232,560,0.0014307473324574752,0.05322877350445316,0.042956610507733854,-2.7797067190171157e-05,-0.0005062479650410415,-0.0004974049890787077
5,harq,event_window,no_event,560,0.001436068888435684,0.05332164394603317,0.04296790789158741,-0.00726730478112958,0.5553571428571429,,,1.0813441480969501,0.28001032673018017,560,1.1206881473075998,0.2629018564355227,560,0.0014307473324574752,0.05322877350445316,0.042956610507733854,-5.321555978208756e-06,-9.287044158001051e-05,-1.12973838535535e-05
5,persistence,event_window,no_event,560,0.0014152836763158016,0.05312894131482163,0.042362782990129334,0.0,0.44107142857142856,,,-0.07387195588207572,0.9411386966599216,560,-0.2132743324013844,0.8311907511642419,560,0.0014307473324574752,0.05322877350445316,0.042956610507733854,1.546365614167361e-05,9.983218963152685e-05,0.0005938275176045199
5,qlike_har,event_window,no_event,560,0.0015195297022664819,0.05481556601761293,0.04417580405716094,-0.06449954952808223,0.5803571428571429,,,1.921465626553623,0.05518116891831621,560,1.9472898801357081,0.05200034346119331,560,0.0014307473324574752,0.05322877350445316,0.042956610507733854,-8.878236980900669e-05,-0.0015867925131597682,-0.0012191935494270875
5,qlike_har_jump_macro,event_window,no_event,560,0.0015515282632952675,0.055405627182441894,0.044722733128674044,-0.08754046955721217,0.5767857142857142,,,2.083455629758173,0.037663447276308396,560,2.095286216404655,0.03659487546075593,560,0.0014307473324574752,0.05322877350445316,0.042956610507733854,-0.00012078093083779228,-0.002176853677988734,-0.00176612262094019
5,qlike_harq,event_window,no_event,560,0.0015247815480701346,0.054917171878397446,0.044145113027291405,-0.068449509101846,0.5821428571428572,,,1.9992428257221853,0.046065673722097376,560,2.019852147569986,0.04387528954582737,560,0.0014307473324574752,0.05322877350445316,0.042956610507733854,-9.403421561265946e-05,-0.001688398373944286,-0.0011885025195575508
5,qlike_harq_jump_macro,event_window,no_event,560,0.0015545560517509164,0.05546970548033935,0.044638621145720536,-0.09005747166438094,0.5910714285714286,,,2.122217265933171,0.034258588812842265,560,2.1321664124367783,0.03342842573753984,560,0.0014307473324574752,0.05322877350445316,0.042956610507733854,-0.0001238087192934412,-0.002240931975886193,-0.001682010637986682
5,full,year,2022,259,0.0016019467846823533,0.05624570806276313,0.04654545175769837,-0.10298655960079306,0.5482625482625483,0.8222222222222222,0.6888888888888889,1.1329305109424683,0.2582951708357947,259,1.1512258002484597,0.2507051224696397,259,0.00153566374324285,0.05511148001299714,0.045501419341587586,-6.62830414395034e-05,-0.001134228049765991,-0.001044032416110785
5,har,year,2022,259,0.00153566374324285,0.05511148001299714,0.045501419341587586,-0.05895033452299647,0.555984555984556,,,,,259,,,259,0.00153566374324285,0.05511148001299714,0.045501419341587586,0.0,0.0,0.0
5,har_jump,year,2022,259,0.0015598317921410353,0.0555376148448169,0.046005455068628284,-0.07538974894341788,0.5598455598455598,,,0.45017407961783235,0.6529629543704958,259,0.4451094239426014,0.6566138922480419,259,0.00153566374324285,0.05511148001299714,0.045501419341587586,-2.416804889818539e-05,-0.00042613483181976053,-0.0005040357270406984
5,har_jump_macro,year,2022,259,0.0015867187823919537,0.05597868012221566,0.046381399240842634,-0.0925385058941901,0.555984555984556,,,0.8661227965460094,0.3872275443498962,259,0.8875950970228105,0.3755852778858636,259,0.00153566374324285,0.05511148001299714,0.045501419341587586,-5.105503914910382e-05,-0.0008672001092185147,-0.0008799798992550484
5,harq,year,2022,259,0.0015433859846529904,0.05523792592098331,0.045563795447146054,-0.06381514832450552,0.5482625482625483,,,0.7604695830023084,0.44766835352317524,259,0.8047878531987293,0.42168310917037827,259,0.00153566374324285,0.05511148001299714,0.045501419341587586,-7.722241410140513e-06,-0.00012644590798616823,-6.237610555846762e-05
5,persistence,year,2022,259,0.0014408963235864676,0.053555524649194705,0.042410529456418405,0.0,0.4864864864864865,,,-0.6104063547692634,0.5421299670867159,259,-0.6768744346663008,0.4990920456837137,259,0.00153566374324285,0.05511148001299714,0.045501419341587586,9.476741965638229e-05,0.0015559553638024373,0.0030908898851691805
5,qlike_har,year,2022,259,0.0016253119553116286,0.056638323707829334,0.04659868824516602,-0.1184388036068924,0.5637065637065637,,,1.1849320511117007,0.23713464415015714,259,1.214100411003746,0.2258195410545843,259,0.00153566374324285,0.05511148001299714,0.045501419341587586,-8.964821206877867e-05,-0.0015268436948321917,-0.0010972689035784328
5,qlike_har_jump_macro,year,2022,259,0.001693181867132478,0.05781358392110606,0.04784411086706257,-0.16533617631995212,0.555984555984556,,,1.5384211600571485,0.12517117719475968,259,1.5553608683568152,0.12108594283096745,259,0.00153566374324285,0.05511148001299714,0.045501419341587586,-0.0001575181238896281,-0.0027021039081089188,-0.002342691525474984
5,qlike_harq,year,2022,259,0.0016272222675938193,0.056672885921820355,0.04673815825255822,-0.11980422239439248,0.5598455598455598,,,1.2085921220849014,0.22792610307093866,259,1.235892213374837,0.21762269504743376,259,0.00153566374324285,0.05511148001299714,0.045501419341587586,-9.155852435096938e-05,-0.001561405908823213,-0.0012367389109706334
5,qlike_harq_jump_macro,year,2022,259,0.001687370370211167,0.0577160214499311,0.04786598269048521,-0.1614064027664388,0.5521235521235521,,,1.5210788607768244,0.12946465597250478,259,1.5379988251605607,0.12527439285327258,259,0.00153566374324285,0.05511148001299714,0.045501419341587586,-0.00015170662696831704,-0.002604541436933956,-0.002364563348897626
5,full,year,2023,260,0.0011522861772497207,0.04780777401624435,0.03776071890278569,0.08097809411512458,0.6076923076923076,0.926923076923077,0.8423076923076923,0.6530900338651473,0.5142775468759262,260,0.6178791741556501,0.5371978976928329,260,0.0011377651851752298,0.04748606632456022,0.03755087656782573,-1.4520992074490988e-05,-0.00032170769168413105,-0.0002098423349599643
5,har,year,2023,260,0.0011377651851752298,0.04748606632456022,0.03755087656782573,0.09330502870325041,0.5961538461538461,,,,,260,,,260,0.0011377651851752298,0.04748606632456022,0.03755087656782573,0.0,0.0,0.0
5,har_jump,year,2023,260,0.0011363263119466749,0.047475344416908864,0.037638498488647434,0.09371442889117498,0.5961538461538461,,,-0.03666138102886079,0.9707832417312714,260,-0.10378497016699997,0.9174203127931561,260,0.0011377651851752298,0.04748606632456022,0.03755087656782573,1.4388732285548766e-06,1.0721907651355111e-05,-8.762192082170661e-05
5,har_jump_macro,year,2023,260,0.001139153161681472,0.0475376327891488,0.03745190903423652,0.09133474798430641,0.6115384615384616,,,0.11022195717088967,0.9123187066887761,260,0.062249311366834204,0.950412304929517,260,0.0011377651851752298,0.04748606632456022,0.03755087656782573,-1.387976506242233e-06,-5.156646458857883e-05,9.896753358920596e-05
5,harq,year,2023,260,0.0011380765895442277,0.0474908775145977,0.0375018514722045,0.09312129047689144,0.5884615384615385,,,0.0790015605574688,0.9370923848114437,260,0.1056751983363575,0.915921856344418,260,0.0011377651851752298,0.04748606632456022,0.03755087656782573,-3.1140436899793934e-07,-4.811190037479207e-06,4.9025095621227366e-05
5,persistence,year,2023,260,0.0012476973391096922,0.049869566290823286,0.040100080938607466,0.0,0.4653846153846154,,,1.8258282937958148,0.0690275024819287,260,1.723740828030397,0.08594795981163333,260,0.0011377651851752298,0.04748606632456022,0.03755087656782573,-0.00010993215393446248,-0.002383499966263067,-0.002549204370781738
5,qlike_har,year,2023,260,0.0011621246683905517,0.04797377233772114,0.03773477529673404,0.0745849520027696,0.6307692307692307,,,0.39096219132758575,0.6961465925385417,260,0.40247188709155446,0.6876687458568442,260,0.0011377651851752298,0.04748606632456022,0.03755087656782573,-2.435948321532198e-05,-0.0004877060131609212,-0.0001838987289083105
5,qlike_har_jump_macro,year,2023,260,0.0011652667144248917,0.048061802311963525,0.03747622353830423,0.07118563605511541,0.6230769230769231,,,0.40771604441822257,0.6838189669058443,260,0.40371674200565966,0.6867541456908698,260,0.0011377651851752298,0.04748606632456022,0.03755087656782573,-2.750152924966198e-05,-0.0005757359874033058,7.465302952149727e-05
5,qlike_harq,year,2023,260,0.0011573478153996454,0.04787213237659944,0.03750642605385156,0.07850207193688652,0.6346153846153846,,,0.317802538309132,0.7508907989293092,260,0.3316855684131931,0.7403949349441857,260,0.0011377651851752298,0.04748606632456022,0.03755087656782573,-1.95826302244156e-05,-0.00038606605203921757,4.4450513974170214e-05
5,qlike_harq_jump_macro,year,2023,260,0.0011630612870452844,0.04801283537801715,0.03734974815882419,0.07307728474739439,0.6538461538461539,,,0.3805739544852715,0.7038313538395216,260,0.3782132950884285,0.7055819503916976,260,0.0011377651851752298,0.04748606632456022,0.03755087656782573,-2.5296101870054665e-05,-0.0005267690534569297,0.00020112840900153584
5,full,year,2024,115,0.0016769386416480394,0.057634878899429066,0.047329039618464665,-0.07826408978382937,0.5043478260869565,0.8347826086956521,0.7217391304347827,1.0982624066270166,0.2744041058575401,115,1.1100846290661068,0.269298616845755,115,0.001614655525379403,0.05659079303124296,0.04620181692568298,-6.228311626863643e-05,-0.0010440858681861065,-0.0011272226927816834
5,har,year,2024,115,0.001614655525379403,0.05659079303124296,0.04620181692568298,-0.039551314115463976,0.4956521739130435,,,,,115,,,115,0.001614655525379403,0.05659079303124296,0.04620181692568298,0.0,0.0,0.0
5,har_jump,year,2024,115,0.0016833747535468136,0.05774747853478756,0.04715354597538722,-0.08248135354454011,0.4956521739130435,,,1.2640493837664082,0.2087908078281997,115,1.2555722926136668,0.21183849631821014,115,0.001614655525379403,0.05659079303124296,0.04620181692568298,-6.87192281674106e-05,-0.0011566855035445994,-0.0009517290497042391
5,har_jump_macro,year,2024,115,0.0016923925982639254,0.05790556458727128,0.04729286183535638,-0.08841613856000041,0.5043478260869565,,,1.3244952525266516,0.18798777047648135,115,1.3277468326941129,0.1869142777585617,115,0.001614655525379403,0.05659079303124296,0.04620181692568298,-7.773707288452245e-05,-0.00131477155602832,-0.0010910449096733985
5,harq,year,2024,115,0.0016181170900938311,0.0566569904003493,0.046229994955567955,-0.041984777477075186,0.4956521739130435,,,0.45779988928649573,0.6479675865496672,115,0.4274756880514026,0.6698392600789862,115,0.001614655525379403,0.05659079303124296,0.04620181692568298,-3.461564714428173e-06,-6.619736910633972e-05,-2.81780298849732e-05
5,persistence,year,2024,115,0.0015343525227007866,0.05550381232988489,0.04542575080669547,0.0,0.34782608695652173,,,-0.3525178269564934,0.7251008466546215,115,-0.46458278450460994,0.6431163357609275,115,0.001614655525379403,0.05659079303124296,0.04620181692568298,8.030300267861633e-05,0.0010869807013580701,0.0007760661189875132
5,qlike_har,year,2024,115,0.001821029102112211,0.06005066953591923,0.04964842299877636,-0.1705502977189155,0.5043478260869565,,,2.162725702218727,0.03265111747878734,115,2.1547947138927754,0.03328177913607128,115,0.001614655525379403,0.05659079303124296,0.04620181692568298,-0.00020637357673280814,-0.0034598765046762667,-0.0034466060730933765
5,qlike_har_jump_macro,year,2024,115,0.001894400618121008,0.06122678836263397,0.050605057653396235,-0.21685079537335872,0.5217391304347826,,,2.154610756454732,0.033296531649064126,115,2.147743274021069,0.03385134222099552,115,0.001614655525379403,0.05659079303124296,0.04620181692568298,-0.00027974509274160506,-0.004635995331391009,-0.0044032407277132535
5,qlike_harq,year,2024,115,0.0018438263490192393,0.06046842191803639,0.0496264992807761,-0.186893198946104,0.5130434782608696,,,2.2338676163032143,0.027442800201814114,115,2.240868772404752,0.026971802347580977,115,0.001614655525379403,0.05659079303124296,0.04620181692568298,-0.00022917082363983635,-0.0038776288867934314,-0.00342468235509312
5,qlike_harq_jump_macro,year,2024,115,0.0019222679483730282,0.061730613785135946,0.05052550833574816,-0.23695973306452944,0.5304347826086957,,,2.1580535605517945,0.03302137295859742,115,2.1691471655597026,0.03214811358389369,115,0.001614655525379403,0.05659079303124296,0.04620181692568298,-0.00030761242299362523,-0.005139820753892986,-0.004323691410065181
20,full,all,all,609,0.003671198389528764,0.08424160714123936,0.06800129808167012,-0.029609336049264412,0.6075533661740559,0.8464285714285714,0.7821428571428571,0.9710258490756976,0.331921537447865,609,0.9342722437720591,0.350534368878645,609,0.003594593433457476,0.08335524094833774,0.06695018008237406,-7.660495607128776e-05,-0.0008863661929016248,-0.0010511179992960529
20,har,all,all,609,0.003594593433457476,0.08335524094833774,0.06695018008237406,-0.008056808214665034,0.6042692939244664,,,,,609,,,609,0.003594593433457476,0.08335524094833774,0.06695018008237406,0.0,0.0,0.0
20,har_jump,all,all,609,0.003630741193786706,0.08378514396332809,0.0675015804793249,-0.018481688431038812,0.6059113300492611,,,0.5039254650470271,0.6144962984783173,609,0.47333567384702524,0.6361436113170215,609,0.003594593433457476,0.08335524094833774,0.06695018008237406,-3.614776032922996e-05,-0.00042990301499035155,-0.0005514003969508408
20,har_jump_macro,all,all,609,0.0036679957994373027,0.08420225491085864,0.06786601175732633,-0.028647626945911053,0.6075533661740559,,,0.9242767299016766,0.3557089295254424,609,0.892476295370847,0.37249077744020814,609,0.003594593433457476,0.08335524094833774,0.06695018008237406,-7.34023659798265e-05,-0.0008470139625209039,-0.0009158316749522666
20,harq,all,all,609,0.0036021410389322117,0.08344677882344184,0.06701450272560308,-0.010272050927425225,0.6042692939244664,,,0.7322158358000405,0.4643189933752036,609,0.6919218723207159,0.48925053469087365,609,0.003594593433457476,0.08335524094833774,0.06695018008237406,-7.547605474735562e-06,-9.153787510410294e-05,-6.432264322901726e-05
20,persistence,all,all,609,0.0035028154410572327,0.08302146786393687,0.06495878182293718,0.0,0.4187192118226601,,,-0.0470326318632465,0.962502664032581,609,-0.14790001679686413,0.8824707094135161,609,0.003594593433457476,0.08335524094833774,0.06695018008237406,9.17779924002435e-05,0.0003337730844008707,0.00199139825943688
20,qlike_har,all,all,609,0.0037907061879726275,0.08551472029269479,0.06813761803087054,-0.06096472267161168,0.6239737274220033,,,1.1033332049133546,0.2703189923401509,609,1.0920691796723363,0.27523523686812057,609,0.003594593433457476,0.08335524094833774,0.06695018008237406,-0.00019611275451515134,-0.0021594793443570487,-0.0011874379484964753
20,qlike_har_jump_macro,all,all,609,0.0044382147573971,0.09216917952043238,0.07175848577228065,-0.23251049940558222,0.6272577996715928,,,1.4745359172909485,0.1408549478266428,609,1.4653713512086644,0.14333655317216223,609,0.003594593433457476,0.08335524094833774,0.06695018008237406,-0.000843621323939624,-0.008813938572094643,-0.004808305689906589
20,qlike_harq,all,all,609,0.003786352350405045,0.08547600212693279,0.0681520216248456,-0.06000420246271565,0.6190476190476191,,,1.102005807545089,0.2708951844133313,609,1.087540234156399,0.2772290582872419,609,0.003594593433457476,0.08335524094833774,0.06695018008237406,-0.00019175891694756886,-0.002120761178595054,-0.001201841542471535
20,qlike_harq_jump_macro,all,all,609,0.004394947832783273,0.09174484531799648,0.07151093856612424,-0.2211880061190845,0.6239737274220033,,,1.4163430889339026,0.15718719138172996,609,1.4068946496162147,0.15996958044927018,609,0.003594593433457476,0.08335524094833774,0.06695018008237406,-0.0008003543993257965,-0.008389604369658743,-0.004560758483750177
20,full,event_window,event,71,0.0037314061860471955,0.0850252833265767,0.0714972721814221,-0.09764784152621409,0.5352112676056338,0.8461538461538461,0.7846153846153846,2.288084076948835,0.0251564990961277,71,2.2094984759151677,0.030413354645328038,71,0.003422554151796308,0.08140426041487135,0.06691081360492487,-0.00030885203425088737,-0.0036210229117053516,-0.0045864585764972265
20,har,event_window,event,71,0.003422554151796308,0.08140426041487135,0.06691081360492487,-0.006146271173241624,0.5774647887323944,,,,,71,,,71,0.003422554151796308,0.08140426041487135,0.06691081360492487,0.0,0.0,0.0
20,har_jump,event_window,event,71,0.0036716786514069226,0.08427885328968096,0.06979935138881777,-0.07846011460710467,0.5492957746478874,,,1.7177485683818638,0.09026354552623413,71,1.6783253816138437,0.09774303005381248,71,0.003422554151796308,0.08140426041487135,0.06691081360492487,-0.00024912449961061447,-0.002874592874809609,-0.0028885377838928916
20,har_jump_macro,event_window,event,71,0.003732473624931818,0.0849747880206872,0.07045688535111028,-0.09634447379902178,0.5352112676056338,,,1.5518447507208177,0.1252091480741749,71,1.5173568579434171,0.133680092473961,71,0.003422554151796308,0.08140426041487135,0.06691081360492487,-0.00030991947313551,-0.003570527605815846,-0.003546071746185403
20,harq,event_window,event,71,0.0034340008376307217,0.08155563380451976,0.06711063252450494,-0.009891661825569775,0.5774647887323944,,,0.46963459197779733,0.6400757939109305,71,0.4087506918729042,0.6839704633810728,71,0.003422554151796308,0.08140426041487135,0.06691081360492487,-1.1446685834413592e-05,-0.00015137338964840708,-0.00019981891958006925
20,persistence,event_window,event,71,0.003350169971524084,0.08115524140292482,0.06168195084466257,0.0,0.49295774647887325,,,-0.029692391209817943,0.9763968745962993,71,-0.10559922887610446,0.9162023606842158,71,0.003422554151796308,0.08140426041487135,0.06691081360492487,7.238418027222422e-05,0.0002490190119465302,0.005228862760262305
20,qlike_har,event_window,event,71,0.003632752855583463,0.08373118481272,0.06802010884537303,-0.0644893612139863,0.5915492957746479,,,0.7674994482689378,0.4453657839381873,71,0.7748535606462174,0.44103579247565594,71,0.003422554151796308,0.08140426041487135,0.06691081360492487,-0.00021019870378715484,-0.002326924397848651,-0.0011092952404481576
20,qlike_har_jump_macro,event_window,event,71,0.00450607479863825,0.09288442117908026,0.07408489379581375,-0.30994363895325505,0.5915492957746479,,,1.0472540355918956,0.2985850825799725,71,1.036531727263167,0.3035216249685651,71,0.003422554151796308,0.08140426041487135,0.06691081360492487,-0.0010835206468419417,-0.011480160764208908,-0.0071740801908888735
20,qlike_harq,event_window,event,71,0.0036482936502819046,0.08394508686164297,0.0681799304281736,-0.0699350573623776,0.5915492957746479,,,0.7935567289725382,0.4301353278087345,71,0.7878225662578383,0.43346018060006414,71,0.003422554151796308,0.08140426041487135,0.06691081360492487,-0.00022573949848559653,-0.0025408264467716157,-0.0012691168232487199
20,qlike_harq_jump_macro,event_window,event,71,0.004490938441378937,0.0927896504001242,0.07431536385725841,-0.30727190897561685,0.6056338028169014,,,1.0584633264381307,0.2934831867060788,71,1.0411567071499122,0.3013855322415751,71,0.003422554151796308,0.08140426041487135,0.06691081360492487,-0.0010683842895826286,-0.011385389985252847,-0.007404550252333539
20,full,event_window,no_event,538,0.0036632527509547702,0.08413763998257703,0.06753993346999283,-0.02107945700441216,0.6171003717472119,0.8464646464646465,0.7818181818181819,0.5490466338563967,0.5832016664240205,538,0.5289781702349073,0.5970391687445314,538,0.0036172975022268866,0.0836093120080937,0.0669553752866471,-4.595524872788364e-05,-0.0005283279744833363,-0.0005845581833457264
20,har,event_window,no_event,538,0.0036172975022268866,0.0836093120080937,0.0669553752866471,-0.008296329200021546,0.6078066914498141,,,,,538,,,538,0.0036172975022268866,0.0836093120080937,0.0669553752866471,0.0,0.0,0.0
20,har_jump,event_window,no_event,538,0.003625338666851696,0.08371977154715596,0.06719834305446618,-0.01096228868825988,0.6133828996282528,,,0.12239807434798247,0.9026295547829697,538,0.09898005771831332,0.9211910406817029,538,0.0036172975022268866,0.0836093120080937,0.0669553752866471,-8.041164624809308e-06,-0.00011045953906226036,-0.00024296776781906892
20,har_jump_macro,event_window,no_event,538,0.003659486644028175,0.08409977346255972,0.06752409349494966,-0.020160581098459973,0.6171003717472119,,,0.517927467861418,0.6047221822243173,538,0.49378980988559124,0.6216565308548903,538,0.0036172975022268866,0.0836093120080937,0.0669553752866471,-4.218914180128836e-05,-0.000490461454466018,-0.0005687182083025516
20,harq,event_window,no_event,538,0.003624330545051925,0.08369316194698229,0.06700181645102682,-0.010319739703156916,0.6078066914498141,,,0.6020575302142193,0.5473899540365014,538,0.5770060091494054,0.5641772006375315,538,0.0036172975022268866,0.0836093120080937,0.0669553752866471,-7.03304282503826e-06,-8.384993888858883e-05,-4.644116437971246e-05
20,persistence,event_window,no_event,538,0.0035229601033933914,0.0832646300394614,0.06539122605984703,0.0,0.40892193308550184,,,-0.0466999386821463,0.9627697409546776,538,-0.1456991790755396,0.8842135424955706,538,0.0036172975022268866,0.0836093120080937,0.0669553752866471,9.43373988334952e-05,0.00034468196863229883,0.0015641492268000795
20,qlike_har,event_window,no_event,538,0.003811551330351122,0.0857473230586011,0.06815312574865925,-0.06052284435237887,0.6282527881040892,,,1.0789468617671825,0.2810958011404277,538,1.064454942799354,0.2876010488591448,538,0.0036172975022268866,0.0836093120080937,0.0669553752866471,-0.00019425382812423555,-0.002138011050507399,-0.0011977504620121482
20,qlike_har_jump_macro,event_window,no_event,538,0.004429259250095758,0.0920743738937192,0.07145146910003002,-0.22280283005313617,0.6319702602230484,,,1.3856924372936654,0.1664160461006525,538,1.3782850372193374,0.1686892659898005,538,0.0036172975022268866,0.0836093120080937,0.0669553752866471,-0.0008119617478688714,-0.0084650618856255,-0.004496093813382909
20,qlike_harq,event_window,no_event,538,0.0038045719929863516,0.08567599417433946,0.0681483384928079,-0.058759187004009394,0.6226765799256505,,,1.06248257602384,0.28849423270747193,538,1.0473591599736012,0.29540513442258837,538,0.0036172975022268866,0.0836093120080937,0.0669553752866471,-0.00018727449075946504,-0.0020666821662457674,-0.001192963206160788
20,qlike_harq_jump_macro,event_window,no_event,538,0.004382279927187935,0.09160607204714567,0.07114083783067716,-0.21039580435145755,0.6263940520446096,,,1.3220842011473697,0.18670297859910795,538,1.31563238069322,0.18885886436784258,538,0.0036172975022268866,0.0836093120080937,0.0669553752866471,-0.0007649824249610485,-0.007996760039051976,-0.004185462544030058
20,full,year,2022,249,0.005206606662301386,0.10004876248366283,0.08270301047245253,-0.18052559551731906,0.6305220883534136,0.7,0.625,0.8273701808209526,0.4088226743834943,249,0.8091196109785763,0.4192219179177718,249,0.005047738503297052,0.09852805810469041,0.08069874432715188,-0.00015886815900433438,-0.0015207043789724206,-0.002004266145300651
20,har,year,2022,249,0.005047738503297052,0.09852805810469041,0.08069874432715188,-0.14491122154087832,0.6385542168674698,,,,,249,,,249,0.005047738503297052,0.09852805810469041,0.08069874432715188,0.0,0.0,0.0
20,har_jump,year,2022,249,0.005133385081961006,0.09936863041438541,0.08166688584966633,-0.16452971127940352,0.6385542168674698,,,0.48950763722430635,0.6249150360769083,249,0.46908634552141537,0.6394200255726329,249,0.005047738503297052,0.09852805810469041,0.08069874432715188,-8.564657866395441e-05,-0.0008405723096950035,-0.0009681415225144541
20,har_jump_macro,year,2022,249,0.005205513581992874,0.10003398699786509,0.08248048114936431,-0.18017693450975814,0.6305220883534136,,,0.8148896372091858,0.4159173329305319,249,0.7998498488759004,0.4245632634574745,249,0.005047738503297052,0.09852805810469041,0.08069874432715188,-0.00015777507869582218,-0.0015059288931746767,-0.0017817368222124291
20,harq,year,2022,249,0.005058094697455932,0.09862689189884673,0.08077299018716977,-0.1472093014116933,0.642570281124498,,,0.481127165330049,0.6308503346408494,249,0.4761128610356048,0.6344131360124885,249,0.005047738503297052,0.09852805810469041,0.08069874432715188,-1.0356194158880373e-05,-9.883379415631666e-05,-7.42458600178908e-05
20,persistence,year,2022,249,0.004359235421877781,0.09208184603300286,0.07098049250877275,0.0,0.4538152610441767,,,-0.45483836435358715,0.6496234190205723,249,-0.4804511653765984,0.631330150532477,249,0.005047738503297052,0.09852805810469041,0.08069874432715188,0.0006885030814192707,0.0064462120716875515,0.009718251818379126
20,qlike_har,year,2022,249,0.005544229183099673,0.1030936898206097,0.08361559784661116,-0.2534763166708218,0.6586345381526104,,,1.140454769773841,0.2551970483781594,249,1.13067534266321,0.2592840273250094,249,0.005047738503297052,0.09852805810469041,0.08069874432715188,-0.0004964906798026209,-0.004565631715919283,-0.002916853519459278
20,qlike_har_jump_macro,year,2022,249,0.007130211870758118,0.11627571681502342,0.09234415371880933,-0.5945201668103184,0.6626506024096386,,,1.5110849673486741,0.13203992529230302,249,1.503062040425066,0.1340953498743337,249,0.005047738503297052,0.09852805810469041,0.08069874432715188,-0.0020824733674610664,-0.017747658710333014,-0.011645409391657452
20,qlike_harq,year,2022,249,0.005523185745163386,0.10289682259551501,0.08353634335261573,-0.24869362258504468,0.6586345381526104,,,1.1082371928565156,0.2688330149091352,249,1.1019800673475058,0.2715386366306293,249,0.005047738503297052,0.09852805810469041,0.08069874432715188,-0.00047544724186633375,-0.0043687644908246,-0.0028375990254638495
20,qlike_harq_jump_macro,year,2022,249,0.007044690202571289,0.11559070291754503,0.09160994947163006,-0.5757879487846458,0.6666666666666666,,,1.4638697139342576,0.14449590333867626,249,1.4574797557237034,0.14624907133411336,249,0.005047738503297052,0.09852805810469041,0.08069874432715188,-0.001996951699274237,-0.01706264481285462,-0.010911205144478187
20,full,year,2023,260,0.0017514525892301513,0.05862863067154605,0.04848926667321772,0.2311441700963861,0.6307692307692307,0.9846153846153847,0.95,-0.8553562598118345,0.3931445165732885,260,-0.930276729947302,0.3530940803222992,260,0.0017830559411663807,0.05911086301460006,0.04881278128229975,3.160335193622935e-05,0.0004822323430540079,0.0003235146090820318
20,har,year,2023,260,0.0017830559411663807,0.05911086301460006,0.04881278128229975,0.21844416460602178,0.6230769230769231,,,,,260,,,260,0.0017830559411663807,0.05911086301460006,0.04881278128229975,0.0,0.0,0.0
20,har_jump,year,2023,260,0.001739922183126084,0.058431688331418416,0.04837462895401943,0.23630089789194886,0.6230769230769231,,,-1.3723570491766,0.1711396182511618,260,-1.443680436465818,0.1500373575807455,260,0.0017830559411663807,0.05911086301460006,0.04881278128229975,4.313375804029665e-05,0.0006791746831816409,0.00043815232828032374
20,har_jump_macro,year,2023,260,0.001746022128321474,0.058531283784292294,0.04839931097208277,0.23369526447029043,0.6307692307692307,,,-1.0909503411747854,0.2763085988606587,260,-1.1527661195756267,0.25006920736618904,260,0.0017830559411663807,0.05911086301460006,0.04881278128229975,3.7033812844906736e-05,0.0005795792303077626,0.00041347031021698316
20,harq,year,2023,260,0.0017749052874696737,0.05898286707972335,0.04879592781806344,0.22182518995659672,0.6230769230769231,,,-0.6582852322780999,0.5109395750894052,260,-0.6816425620381029,0.4960740547649016,260,0.0017830559411663807,0.05911086301460006,0.04881278128229975,8.150653696706962e-06,0.00012799593487670957,1.6853464236313287e-05
20,persistence,year,2023,260,0.002256483036878269,0.06686322115830871,0.052762476013627255,0.0,0.4076923076923077,,,1.1989904389221087,0.2316274773593501,260,1.1275268304070352,0.26056326208997505,260,0.0017830559411663807,0.05911086301460006,0.04881278128229975,-0.0004734270957118885,-0.007752358143708657,-0.003949694731327502
20,qlike_har,year,2023,260,0.0017314202598926055,0.058299141891658836,0.04817822049074983,0.23976171820534276,0.6346153846153846,,,-1.3190985236706292,0.18830119936068138,260,-1.3966382784421114,0.16371801513691772,260,0.0017830559411663807,0.05911086301460006,0.04881278128229975,5.16356812737752e-05,0.0008117211229412211,0.0006345607915499221
20,qlike_har_jump_macro,year,2023,260,0.0016796765316130877,0.05743217656169622,0.047478787976591434,0.2622045699747789,0.6423076923076924,,,-1.857935389189253,0.06431290200890259,260,-1.9340690619983847,0.054193976645780836,260,0.0017830559411663807,0.05911086301460006,0.04881278128229975,0.00010337940955329299,0.0016786864529038381,0.0013339933057083184
20,qlike_harq,year,2023,260,0.0017146644626400151,0.0580281791019332,0.04809670421984992,0.24681216746367685,0.6307692307692307,,,-1.8936199391835586,0.059389901317642727,260,-1.993340472809608,0.047273140099122514,260,0.0017830559411663807,0.05911086301460006,0.04881278128229975,6.839147852636556e-05,0.0010826839126668597,0.0007160770624498325
20,qlike_harq_jump_macro,year,2023,260,0.0016300463383635512,0.056614182587434295,0.04737733573824472,0.2830714221607493,0.6346153846153846,,,-1.7100560256299604,0.08845308808784799,260,-1.7561039504168467,0.08025259111459422,260,0.0017830559411663807,0.05911086301460006,0.04881278128229975,0.00015300960280282953,0.0024966804271657622,0.0014354455440550307
20,full,year,2024,100,0.004839370871101327,0.09673301654058304,0.0821253158905982,-0.012796896985312056,0.49,0.78,0.66,1.1350769626274018,0.25908374519129973,100,1.1004459387635546,0.2738064373267596,100,0.0046862596895137784,0.09516771137275609,0.0798734919930706,-0.00015311118158754886,-0.0015653051678269497,-0.002251823897527594
20,har,year,2024,100,0.0046862596895137784,0.09516771137275609,0.0798734919930706,0.019715466451802555,0.47,,,,,100,,,100,0.0046862596895137784,0.09516771137275609,0.0798734919930706,0.0,0.0,0.0
20,har_jump,year,2024,100,0.0048052873399503145,0.09637346819997265,0.08196004407296895,-0.005281930523342915,0.48,,,0.7887856509099941,0.4321221672005449,100,0.7674260141196371,0.4446547047057239,100,0.0046862596895137784,0.09516771137275609,0.0798734919930706,-0.00011902765043653608,-0.0012057568272165614,-0.0020865520798983433
20,har_jump_macro,year,2024,100,0.004836708065775084,0.09671567967714982,0.08208940501278511,-0.01243389480372592,0.49,,,1.128696310652442,0.2617536719193354,100,1.0904491790725932,0.2781623134672413,100,0.0046862596895137784,0.09516771137275609,0.0798734919930706,-0.00015044837626130517,-0.0015479683043937292,-0.0022159130197145077
20,harq,year,2024,100,0.004727629383010745,0.09560680392851416,0.0801241637059051,0.010648764635973973,0.46,,,1.358027929260308,0.1775418300455357,100,1.3752585794199543,0.17215540485408706,100,0.0046862596895137784,0.09516771137275609,0.0798734919930706,-4.136969349696675e-05,-0.0004390925557580666,-0.00025067171283449374
20,persistence,year,2024,100,0.004610793939679369,0.09611995306442492,0.08167511731941243,0.0,0.36,,,0.06663389227472839,0.9470075460601493,100,-0.055915267368715736,0.9555220008389396,100,0.0046862596895137784,0.09516771137275609,0.0798734919930706,7.546574983440923e-05,-0.0009522416916688259,-0.0018016253263418297
20,qlike_har,year,2024,100,0.004778577343114338,0.09609063645424372,0.08149188189399029,0.0006099074845523633,0.51,,,0.6631229786908506,0.5087928892840229,100,0.6492694797658219,0.5176676989565351,100,0.0046862596895137784,0.09516771137275609,0.0798734919930706,-9.23176536005597e-05,-0.0009229250814876272,-0.001618389900919684
20,qlike_har_jump_macro,year,2024,100,0.004907341332166597,0.09744035087541558,0.08362738685421625,-0.027662663314775626,0.5,,,1.4384451109927547,0.15346167765392782,100,1.3902737814847608,0.16756354873473556,100,0.0046862596895137784,0.09516771137275609,0.0798734919930706,-0.0002210816426528187,-0.0022726395026594903,-0.0037538948611456485
20,qlike_harq,year,2024,100,0.004848025705645853,0.09682985743484,0.08198888577568678,-0.014825764800722174,0.49,,,1.1770694638893338,0.2419899800912856,100,1.1368324920715678,0.2583525310974012,100,0.0046862596895137784,0.09516771137275609,0.0798734919930706,-0.00016176601613207466,-0.0016621460620839107,-0.0021153937826161734
20,qlike_harq_jump_macro,year,2024,100,0.004985833217502389,0.09827204696058447,0.08421176876390143,-0.04528063448553543,0.49,,,1.8306247803271063,0.07016485971412456,100,1.8221373498871603,0.07145320092875987,100,0.0046862596895137784,0.09516771137275609,0.0798734919930706,-0.0002995735279886103,-0.003104335587828383,-0.004338276770830832
40,full,all,all,569,0.005640535636646702,0.10372630012588036,0.08671870947168499,-0.06981708493207917,0.6344463971880492,0.866,0.84,0.8513960442673647,0.39490818398978683,569,0.8585828040820788,0.39093289752024496,569,0.005510746043958965,0.1025978496866602,0.08641779381277938,-0.0001297895926877365,-0.0011284504392201494,-0.00030091565890560945
40,har,all,all,569,0.005510746043958965,0.1025978496866602,0.08641779381277938,-0.04666637522498962,0.6414762741652021,,,,,569,,,569,0.005510746043958965,0.1025978496866602,0.08641779381277938,0.0,0.0,0.0
40,har_jump,all,all,569,0.0056214047830185415,0.10354452355578865,0.08646043442678147,-0.06607073938001329,0.6449912126537786,,,0.6940287490479641,0.487947921876795,569,0.7116606363554613,0.47696712106530115,569,0.005510746043958965,0.1025978496866602,0.08641779381277938,-0.00011065873905957615,-0.0009466738691284449,-4.2640614002095734e-05
40,har_jump_macro,all,all,569,0.0056378564258583504,0.1036969465844965,0.08667453107193336,-0.06921167479644286,0.6379613356766256,,,0.8151112432190463,0.41535027792551227,569,0.8268012573306279,0.4086969051974126,569,0.005510746043958965,0.1025978496866602,0.08641779381277938,-0.0001271103818993851,-0.0010990968978362992,-0.00025673725915398293
40,harq,all,all,569,0.0054914434362393705,0.1024308864049962,0.08629186815200975,-0.04326254835879473,0.6414762741652021,,,-0.9206611907696275,0.3576181901592,569,-0.9625673761021457,0.3361742751859203,569,0.005510746043958965,0.1025978496866602,0.08641779381277938,1.930260771959482e-05,0.00016696328166400376,0.0001259256607696324
40,persistence,all,all,569,0.005141734427151188,0.10028457132837852,0.07553350469430103,0.0,0.4112478031634446,,,-0.14905486731277964,0.881563243957609,569,-0.22253312992229674,0.8239788811757699,569,0.005510746043958965,0.1025978496866602,0.08641779381277938,0.0003690116168077774,0.002313278358281684,0.010884289118478344
40,qlike_har,all,all,569,0.005938541848092054,0.10628155965637098,0.08824821493069622,-0.12317542626891154,0.6502636203866432,,,0.9378794455639116,0.3487049873019267,569,0.9508544213119127,0.34208269792614426,569,0.005510746043958965,0.1025978496866602,0.08641779381277938,-0.000427795804133089,-0.0036837099697107772,-0.0018304211179168417
40,qlike_har_jump_macro,all,all,569,0.0058507120059914245,0.10543288784184951,0.08650478288878186,-0.10530964430178202,0.655536028119508,,,0.6948816588902219,0.4874136171730515,569,0.7349467297046286,0.46267526214617866,569,0.005510746043958965,0.1025978496866602,0.08641779381277938,-0.00033996596203245914,-0.002835038155189304,-8.698907600247774e-05
40,qlike_harq,all,all,569,0.005972438175315418,0.10659304966767705,0.0887061673901007,-0.1297686793071975,0.648506151142355,,,1.0385756436006972,0.2994440439618276,569,1.0464985146852417,0.2957760531582895,569,0.005510746043958965,0.1025978496866602,0.08641779381277938,-0.0004616921313564523,-0.003995199981016842,-0.002288373577321326
40,qlike_harq_jump_macro,all,all,569,0.0058303616640231195,0.10526033589497134,0.08645766686682683,-0.10169469519832885,0.6520210896309314,,,0.6602444217381873,0.5093646409247293,569,0.6998818607062938,0.4842876250856002,569,0.005510746043958965,0.1025978496866602,0.08641779381277938,-0.0003196156200641542,-0.002662486208311138,-3.987305404745678e-05
40,full,event_window,event,128,0.00574877418418177,0.10465054286882025,0.08609198297221816,-0.26194563233177837,0.640625,0.9017857142857143,0.8660714285714286,1.54935977651864,0.12378366327901927,128,1.536305639415812,0.12695109187246717,128,0.005435324736399336,0.10183464611846,0.08445840636020814,-0.00031344944778243476,-0.0028158967503602444,-0.0016335766120100237
40,har,event_window,event,128,0.005435324736399336,0.10183464611846,0.08445840636020814,-0.19494740595996563,0.65625,,,,,128,,,128,0.005435324736399336,0.10183464611846,0.08445840636020814,0.0,0.0,0.0
40,har_jump,event_window,event,128,0.005755682866946346,0.10467845571474996,0.0859541876622554,-0.2626189053154815,0.65625,,,1.383783506623916,0.16885199747575844,128,1.390113274728246,0.16692610929381801,128,0.005435324736399336,0.10183464611846,0.08445840636020814,-0.00032035813054701046,-0.0028438095962899507,-0.0014957813020472638
40,har_jump_macro,event_window,event,128,0.005797589622803325,0.10504890128700933,0.08616470366347924,-0.27157125764258194,0.65625,,,1.463504319051475,0.1458000969486519,128,1.4696235312241472,0.14413667259836457,128,0.005435324736399336,0.10183464611846,0.08445840636020814,-0.00036226488640398943,-0.0032142551685493265,-0.0017062973032710982
40,harq,event_window,event,128,0.0054208733251853575,0.10170993080641763,0.08434728903744179,-0.1920223310861593,0.65625,,,-0.36480345541967124,0.7158648877444107,128,-0.3868972897988311,0.6994797795943818,128,0.005435324736399336,0.10183464611846,0.08445840636020814,1.4451411213978194e-05,0.00012471531204237551,0.00011111732276634922
40,persistence,event_window,event,128,0.004460507434196112,0.09315821600478706,0.06838549612011156,0.0,0.453125,,,-0.5240871000546575,0.6011314189080369,128,-0.5781298584189029,0.5642001713660705,128,0.005435324736399336,0.10183464611846,0.08445840636020814,0.0009748173022032236,0.008676430113672945,0.016072910240096577
40,qlike_har,event_window,event,128,0.006007240372277714,0.10689654366771799,0.08860061207146766,-0.31669443536296393,0.65625,,,0.8303809372477703,0.40788172209068946,128,0.829437051316353,0.40841343152809223,128,0.005435324736399336,0.10183464611846,0.08445840636020814,-0.0005719156358783787,-0.005061897549257982,-0.0041422057112595195
40,qlike_har_jump_macro,event_window,event,128,0.006144874833533945,0.10806357220505731,0.08922398055198846,-0.3456010369849576,0.6640625,,,1.0989470279110989,0.2738701115250992,128,1.098286568861905,0.2741572073555207,128,0.005435324736399336,0.10183464611846,0.08445840636020814,-0.0007095500971346091,-0.006228926086597308,-0.004765574191780322
40,qlike_harq,event_window,event,128,0.00605428113194682,0.10731947734262325,0.08924165752070026,-0.3271339879889432,0.65625,,,0.9960771345010292,0.3211067303191237,128,0.9900708801876325,0.3240220529723177,128,0.005435324736399336,0.10183464611846,0.08445840636020814,-0.000618956395547484,-0.005484831224163239,-0.004783251160492122
40,qlike_harq_jump_macro,event_window,event,128,0.006134519040226247,0.10798450904818759,0.08935158152922741,-0.3436327780190125,0.65625,,,1.1412143570251687,0.2559280556580899,128,1.1384645065539016,0.2570695989243831,128,0.005435324736399336,0.10183464611846,0.08445840636020814,-0.0006991943038269118,-0.006149862929727579,-0.00489317516901927
40,full,event_window,no_event,441,0.005609119459584369,0.10345649313433834,0.08690061648286808,-0.02353705107934312,0.6326530612244898,0.8556701030927835,0.8324742268041238,0.483322672979908,0.6291070594206276,441,0.5051614974954219,0.6136983400377667,441,0.005532637035722304,0.1028183083149793,0.0869865049101243,-7.648242386206448e-05,-0.0006381848193590389,8.58884272562227e-05
40,har,event_window,no_event,441,0.005532637035722304,0.1028183083149793,0.0869865049101243,-0.01094835614343781,0.63718820861678,,,,,441,,,441,0.005532637035722304,0.1028183083149793,0.0869865049101243,0.0,0.0,0.0
40,har_jump,event_window,no_event,441,0.005582430645279858,0.10321306773929938,0.08660737226319719,-0.018726105298837226,0.6417233560090703,,,0.2870432227133214,0.7742143504728991,441,0.31599778087152053,0.7521540332337011,441,0.005532637035722304,0.1028183083149793,0.0869865049101243,-4.979360955755397e-05,-0.0003947594243200736,0.00037913264692711335
40,har_jump_macro,event_window,no_event,441,0.005591493955996771,0.10330122945691242,0.08682250818821935,-0.02046718330210129,0.6326530612244898,,,0.3646184967114361,0.7155713794057985,441,0.3879369371092558,0.6982503117722366,441,0.005532637035722304,0.1028183083149793,0.0869865049101243,-5.8856920274466366e-05,-0.0004829211419331153,0.00016399672190495207
40,harq,event_window,no_event,441,0.005511926370967066,0.10263919512187121,0.08685628113764397,-0.007429207224822099,0.63718820861678,,,-0.8917216763161059,0.37302951062595396,441,-0.9349367576164506,0.35033370520267615,441,0.005532637035722304,0.1028183083149793,0.0869865049101243,2.0710664755238008e-05,0.0001791131931080936,0.00013022377248032846
40,persistence,event_window,no_event,441,0.005339460175673296,0.10226004249638738,0.07760821013080046,0.0,0.39909297052154197,,,-0.03327265518030418,0.9734722476685225,441,-0.1071855836592749,0.9146906067005661,441,0.005532637035722304,0.1028183083149793,0.0869865049101243,0.00019317686004900834,0.0005582658185919187,0.009378294779323837
40,qlike_har,event_window,no_event,441,0.005918602140391908,0.10610239344966205,0.08814593186035893,-0.07656045721182148,0.6485260770975056,,,0.8014044688744374,0.42333008989273074,441,0.8227361007954761,0.4111037325565622,441,0.005532637035722304,0.1028183083149793,0.0869865049101243,-0.000385965104669604,-0.003284085134682743,-0.0011594269502346322
40,qlike_har_jump_macro,event_window,no_event,441,0.00576533141205618,0.10465695210969059,0.08571553730853138,-0.04742811686399184,0.6530612244897959,,,0.42200416400790125,0.6732280919472079,441,0.47406854198564874,0.6356861893990186,441,0.005532637035722304,0.1028183083149793,0.0869865049101243,-0.00023269437633387582,-0.0018386437947112838,0.001270967601592926
40,qlike_harq,event_window,no_event,441,0.005948683303549388,0.10638127562431576,0.08855074168326002,-0.08222721141619926,0.6462585034013606,,,0.8901836186580161,0.3738537608339389,441,0.9069530247984962,0.3649280570314687,441,0.005532637035722304,0.1028183083149793,0.0869865049101243,-0.0004160462678270832,-0.0035629673093364594,-0.0015642367731357187
40,qlike_harq_jump_macro,event_window,no_event,441,0.005742080158004978,0.1044563440265308,0.08561770977660625,-0.04341651210295838,0.6507936507936508,,,0.38056595978440516,0.7037090020317384,441,0.43247586035047625,0.6656074753069652,441,0.005532637035722304,0.1028183083149793,0.0869865049101243,-0.0002094431222826737,-0.0016380357115514943,0.0013687951335180498
40,full,year,2022,229,0.008781172612380941,0.1288655347151934,0.10973140786033213,-0.16387979986934043,0.6899563318777293,0.66875,0.61875,0.7272906989418665,0.4677940238980829,229,0.738267124719192,0.46111135968911615,229,0.00850909701914338,0.1269841025731296,0.1089673714280464,-0.0002720755932375616,-0.0018814321420638214,-0.0007640364322857307
40,har,year,2022,229,0.00850909701914338,0.1269841025731296,0.1089673714280464,-0.1301426853631802,0.7030567685589519,,,,,229,,,229,0.00850909701914338,0.1269841025731296,0.1089673714280464,0.0,0.0,0.0
40,har_jump,year,2022,229,0.008772015717605403,0.1287872841805657,0.10943759615444719,-0.16246675230070817,0.7117903930131004,,,0.6768527133120827,0.4991855298928927,229,0.6930029235972033,0.4890130125925424,229,0.00850909701914338,0.1269841025731296,0.1089673714280464,-0.00026291869846202347,-0.0018031816074361162,-0.00047022472640079194
40,har_jump_macro,year,2022,229,0.00879126438033356,0.12893432427241863,0.10975029488920034,-0.1651227100917032,0.6986899563318777,,,0.7440642992916038,0.4576037106730023,229,0.7556561198468579,0.45063535814842953,229,0.00850909701914338,0.1269841025731296,0.1089673714280464,-0.00028216736119018003,-0.0019502216992890453,-0.0007829234611539393
40,harq,year,2022,229,0.008459333225910469,0.12663015880686884,0.10867791165456026,-0.1238513547298401,0.7030567685589519,,,-1.1172651893992878,0.2650568956697041,229,-1.1367098362861767,0.2568528891778421,229,0.00850909701914338,0.1269841025731296,0.1089673714280464,4.976379323291119e-05,0.00035394376626074475,0.00028945977348614205
40,persistence,year,2022,229,0.007434176750897682,0.1194490540516182,0.08858466597412647,0.0,0.42358078602620086,,,-0.24251627735659012,0.808598159809164,229,-0.2634308708242519,0.792456418153655,229,0.00850909701914338,0.1269841025731296,0.1089673714280464,0.0010749202682456974,0.007535048521511392,0.02038270545391993
40,qlike_har,year,2022,229,0.009681232806411328,0.13511303525299878,0.11572951844717845,-0.27946694689979124,0.7074235807860262,,,1.0339619406021066,0.3022494055467499,229,1.0346210474806512,0.3019420427378354,229,0.00850909701914338,0.1269841025731296,0.1089673714280464,-0.0011721357872679482,-0.008128932679869194,-0.006762147019132053
40,qlike_har_jump_macro,year,2022,229,0.009429708580711575,0.13321965228290222,0.11129841743994356,-0.24385902592961828,0.7161572052401747,,,0.7337770291233908,0.4638385072365751,229,0.7650199019306632,0.44505081501133487,229,0.00850909701914338,0.1269841025731296,0.1089673714280464,-0.0009206115615681947,-0.0062355497097726365,-0.002331046011897167
40,qlike_harq,year,2022,229,0.009648247126148037,0.1348976821976235,0.11561148142220133,-0.27539158096446603,0.7117903930131004,,,1.022263544393288,0.3077396075137706,229,1.0217875290871785,0.3079644053166008,229,0.00850909701914338,0.1269841025731296,0.1089673714280464,-0.001139150107004657,-0.007913579624493905,-0.006644109994154934
40,qlike_harq_jump_macro,year,2022,229,0.009385430825883905,0.13291655724786774,0.11106498631324946,-0.23820552640755577,0.7205240174672489,,,0.7061803179563109,0.4807969818685057,229,0.7376089671743875,0.4615105395393216,229,0.00850909701914338,0.1269841025731296,0.1089673714280464,-0.000876333806740525,-0.005932454674738158,-0.0020976148852030613
40,full,year,2023,260,0.0024013004724814237,0.06842756787360108,0.05929371810646701,0.22557899778406132,0.6384615384615384,0.9730769230769231,0.9538461538461539,-1.0494471420475484,0.2949506255570699,260,-1.0854998083921596,0.2787096550093977,260,0.002485071064830776,0.06955665553665032,0.060233446941225295,8.377059234935223e-05,0.0011290876630492414,0.0009397288347582841
40,har,year,2023,260,0.002485071064830776,0.06955665553665032,0.060233446941225295,0.19981151408059084,0.6423076923076924,,,,,260,,,260,0.002485071064830776,0.06955665553665032,0.060233446941225295,0.0,0.0,0.0
40,har_jump,year,2023,260,0.0023795782032950716,0.06811240946302193,0.05904262292839796,0.23269610719484546,0.6423076923076924,,,-1.4453964316910874,0.14955541995429092,260,-1.4665829505659729,0.14370265048894543,260,0.002485071064830776,0.06955665553665032,0.060233446941225295,0.00010549286153570432,0.0014442460736283913,0.0011908240128273365
40,har_jump_macro,year,2023,260,0.0023895005015014234,0.06825319173832656,0.05918322878348746,0.2295209317615985,0.6384615384615384,,,-1.2608729061944035,0.2084892579835644,260,-1.2869222053413731,0.19927038353717474,260,0.002485071064830776,0.06955665553665032,0.060233446941225295,9.557056332935247e-05,0.001303463798323759,0.0010502181577378353
40,harq,year,2023,260,0.0024717449056244844,0.06937650884163186,0.06003277122750891,0.20395100696727453,0.6423076923076924,,,-0.6970007218506621,0.48642746719155333,260,-0.7065993283495176,0.4804506887644775,260,0.002485071064830776,0.06955665553665032,0.060233446941225295,1.3326159206291516e-05,0.0001801466950184516,0.000200675713716382
40,persistence,year,2023,260,0.0030520586344286852,0.07775754544670065,0.06150450354100603,0.0,0.4076923076923077,,,0.5005153817393387,0.6171372660659055,260,0.4555857519140228,0.6490696042012282,260,0.002485071064830776,0.06955665553665032,0.060233446941225295,-0.0005669875695979093,-0.00820088991005033,-0.0012710565997807316
40,qlike_har,year,2023,260,0.0023588100524994902,0.06773035666051445,0.05791768127899672,0.24127981292189693,0.6538461538461539,,,-0.8588580836471411,0.39121298241199504,260,-0.8443735654113168,0.39923993770389643,260,0.002485071064830776,0.06955665553665032,0.060233446941225295,0.00012626101233128564,0.0018262988761358623,0.002315765662228575
40,qlike_har_jump_macro,year,2023,260,0.0022804389982734956,0.06662520253691528,0.057228308766342266,0.2658378360245982,0.6538461538461539,,,-1.6659933618856904,0.09692368077372603,260,-1.6729608195183812,0.09554239666704083,260,0.002485071064830776,0.06955665553665032,0.060233446941225295,0.00020463206655728025,0.002931452999735032,0.003005138174883029
40,qlike_harq,year,2023,260,0.00244388541518402,0.06890583987156365,0.05879701656823833,0.21471559042132993,0.65,,,-0.23858637262520713,0.8116149971026718,260,-0.21064751445087712,0.8333279629977502,260,0.002485071064830776,0.06955665553665032,0.060233446941225295,4.11856496467561e-05,0.0006508156650866653,0.0014364303729869632
40,qlike_harq_jump_macro,year,2023,260,0.0022543848009643503,0.06625497055330168,0.05714809467711859,0.2739745496911148,0.65,,,-1.8526080628973005,0.06507613925091103,260,-1.8581747939843443,0.06427877812499251,260,0.002485071064830776,0.06955665553665032,0.060233446941225295,0.00023068626386642558,0.003301684983348638,0.0030853522641067083
40,full,year,2024,80,0.007177976577144596,0.11735090023693201,0.1099760822711409,-0.24764942314570493,0.4625,0.9125,0.9125,0.8988815383449356,0.3714473944371314,80,0.8857736065103211,0.37842785444536653,80,0.0067614100596601915,0.11395973196851605,0.10696875522162833,-0.00041656651748440444,-0.003391168268415956,-0.0030073270495125787
40,har,year,2024,80,0.0067614100596601915,0.11395973196851605,0.10696875522162833,-0.17658296776556504,0.4625,,,,,80,,,80,0.0067614100596601915,0.11395973196851605,0.10696875522162833,0.0,0.0,0.0
40,har_jump,year,2024,80,0.007138717366864933,0.11705050866137924,0.1097961963510847,-0.2412702015945869,0.4625,,,0.7883882616893528,0.4328290571940694,80,0.7717442899563323,0.44256832059708984,80,0.0067614100596601915,0.11395973196851605,0.10696875522162833,-0.00037730730720474115,-0.003090776692863187,-0.002827441129456376
40,har_jump_macro,year,2024,80,0.007168382910333079,0.11728011436612325,0.10996688958245579,-0.24614471692385753,0.4625,,,0.8655854524846321,0.3893386008646892,80,0.8505362648782676,0.39759755709525335,80,0.0067614100596601915,0.11395973196851605,0.10696875522162833,-0.0004069728506728874,-0.003320382397607194,-0.0029981343608274647
40,harq,year,2024,80,0.006809879137804236,0.1143749905867946,0.10755388363058656,-0.1851733073582973,0.4625,,,0.8466022726881448,0.39977414398321903,80,0.8413836933495066,0.4026727065590352,80,0.0067614100596601915,0.11395973196851605,0.10696875522162833,-4.8469078144044823e-05,-0.00041525861827854116,-0.0005851284089582326
40,persistence,year,2024,80,0.005371064601774981,0.10506066380839423,0.08376880927900943,0.0,0.3875,,,-0.1459112133754573,0.8843631506338432,80,-0.21648883822394477,0.8291647848553824,80,0.0067614100596601915,0.11395973196851605,0.10696875522162833,0.001390345457885211,0.008899068160121829,0.0231999459426189
40,qlike_har,year,2024,80,0.006859217315578969,0.11478522744071437,0.10815721798278925,-0.19369044407791436,0.475,,,0.7589877278527242,0.450118576531938,80,0.7426919266724338,0.45987096625056156,80,0.0067614100596601915,0.11395973196851605,0.10696875522162833,-9.780725591877759e-05,-0.0008254954721983176,-0.0011884627611609272
40,qlike_har_jump_macro,year,2024,80,0.007209221585938267,0.1176205162296243,0.11068154488401002,-0.25338900697607514,0.4875,,,0.9184318648697932,0.3611884590122186,80,0.9005245051619984,0.3705782297212499,80,0.0067614100596601915,0.11395973196851605,0.10696875522162833,-0.00044781152627807515,-0.0036607842611082464,-0.003712789662381699
40,qlike_harq,year,2024,80,0.006918231523984092,0.11528972144462259,0.10889444614426538,-0.2042063105301717,0.4625,,,1.0672748702244677,0.2890984165828797,80,1.0482607293260726,0.2977149753108593,80,0.0067614100596601915,0.11395973196851605,0.10696875522162833,-0.0001568214643239002,-0.0013299894761065328,-0.0019256909226370578
40,qlike_harq_jump_macro,year,2024,80,0.007275900993137618,0.11818120860043344,0.11127532456799383,-0.2653672009944774,0.4625,,,1.2191897223896575,0.2263999970689126,80,1.1786180390039525,0.24208814239941656,80,0.0067614100596601915,0.11395973196851605,0.10696875522162833,-0.0005144909334774267,-0.004221476631917381,-0.004306569346365502
