trade_id,signal_date,entry_date,expiry_date,horizon,side,lots,entry_relative_spread,edge_strength,risk_capital,gross_option_pnl,gross_futures_pnl,transaction_cost,all_in_observed_friction,net_pnl,return_on_risk_capital,hedge_trade_count,hedge_contract_turnover,all_futures_executions_real_topbook,futures_visible_depth_enforced
final_narrow_rb10_hedge2d_0001,2024-05-20,2024-05-21,2024-05-27,5,-1,5,0.0882535736482288,0.05794197679403,571290.0,-38199.99999999991,31700.0,140.0,4529.999999999694,-6639.999999999913,-0.0116228185334942,4,8,True,True
final_narrow_rb10_hedge2d_0002,2024-10-28,2024-10-29,2024-11-25,20,-1,5,0.1417203486169002,0.0332828390097985,625160.0000000001,87050.00000000051,-42840.00000000023,150.0,9789.999999999742,44060.00000000028,0.0704779576428438,6,10,True,True
final_narrow_rb10_hedge2d_0003,2025-04-23,2025-04-24,2025-05-26,20,-1,3,0.0403211418376449,0.1099575808143427,471834.0000000001,139800.00000000023,-29840.0,90.0,3989.9999999999777,109870.00000000023,0.2328573184636974,6,6,True,True
final_narrow_rb10_hedge2d_0004,2025-05-29,2025-05-30,2025-07-25,40,-1,1,0.0750056141926791,0.0173289540285913,154704.0,36060.00000000005,-4760.0,30.0,1969.9999999999836,31270.000000000044,0.2021279346364673,2,2,True,True
final_narrow_rb10_hedge2d_0005,2025-09-17,2025-09-18,2025-09-24,5,-1,5,0.0419008686765457,0.0478854038304458,835320.0,-24349.999999999854,-3820.0,120.0,2240.000000000051,-28289.999999999854,-0.0338672604510844,4,4,True,True
final_narrow_rb10_hedge2d_0006,2025-10-27,2025-10-28,2025-11-24,20,-1,5,0.1200585651537335,0.0386715128566134,926860.0,182000.00000000015,-72860.0,150.0,15049.999999999862,108990.00000000016,0.1175905746283151,8,10,True,True
final_narrow_rb10_hedge2d_0007,2025-12-25,2025-12-26,2026-01-26,20,-1,2,0.1880472021317092,0.0330456214654673,403000.0,-166680.00000000012,166860.0,70.0,10339.999999999996,109.99999999988358,0.0002729528535977,5,6,True,True
final_narrow_rb10_hedge2d_0008,2026-02-06,2026-02-09,2026-02-13,5,-1,1,0.1373087485288348,0.0233658695286287,220204.0,25009.999999999975,-11800.0,30.0,6450.000000000073,13179.999999999978,0.0598535903071696,2,2,True,True
final_narrow_rb10_hedge2d_0009,2026-02-25,2026-02-26,2026-03-25,20,-1,4,0.0816478471274349,0.0468721457167353,918752.0,-254919.99999999988,352940.0,130.0,14499.999999999776,97890.00000000012,0.1065467068371008,6,10,True,True
final_narrow_rb10_hedge2d_0010,2026-03-24,2026-03-25,2026-05-25,40,-1,2,0.1425953955229827,0.1703013519807477,390796.00000000006,187900.0,-57020.0,70.0,18309.99999999981,130810.0,0.3347270698778902,6,6,True,True
final_narrow_rb10_hedge2d_0011,2026-04-17,2026-04-20,2026-04-24,5,-1,4,0.1887278582930759,0.0405136300508419,852064.0,14240.000000000213,-11580.0,100.0,18429.999999999913,2560.000000000211,0.0030044691478576,4,4,True,True
final_narrow_rb10_hedge2d_0012,2026-07-20,2026-07-21,2026-07-27,5,-1,5,0.2044972422571065,0.0447819538453173,874840.0000000001,249.9999999999418,5820.0,120.0,12390.000000000027,5949.999999999942,0.0068012436559827,3,4,True,True
